[06Nov2025 23:44:28.150] [main/INFO] [cpw.mods.modlauncher.Launcher/MODLAUNCHER]: ModLauncher running: args [--launchTarget, forgeclientuserdev, --version, MOD_DEV, --assetIndex, 5, --assetsDir, C:\Users\domyc\.mcreator\gradle\caches\forge_gradle\assets, --gameDir, ., --fml.forgeVersion, 47.3.0, --fml.mcVersion, 1.20.1, --fml.forgeGroup, net.minecraftforge, --fml.mcpVersion, 20230612.114412]
[06Nov2025 23:44:28.165] [main/INFO] [cpw.mods.modlauncher.Launcher/MODLAUNCHER]: ModLauncher 10.0.9+10.0.9+main.dcd20f30 starting: java version 17.0.16 by Eclipse Adoptium; OS Windows 11 arch amd64 version 10.0
[06Nov2025 23:44:28.235] [main/DEBUG] [cpw.mods.modlauncher.LaunchServiceHandler/MODLAUNCHER]: Found launch services [fmlclientdev,forgeclient,minecraft,forgegametestserverdev,fmlserveruserdev,fmlclient,fmldatauserdev,forgeserverdev,forgeserveruserdev,forgeclientdev,forgeclientuserdev,forgeserver,forgedatadev,fmlserver,fmlclientuserdev,fmlserverdev,forgedatauserdev,testharness,forgegametestserveruserdev]
[06Nov2025 23:44:28.269] [main/DEBUG] [cpw.mods.modlauncher.NameMappingServiceHandler/MODLAUNCHER]: Found naming services : [srgtomcp]
[06Nov2025 23:44:28.297] [main/DEBUG] [cpw.mods.modlauncher.LaunchPluginHandler/MODLAUNCHER]: Found launch plugins: [mixin,eventbus,slf4jfixer,object_holder_definalize,runtime_enum_extender,capability_token_subclass,accesstransformer,runtimedistcleaner]
[06Nov2025 23:44:28.323] [main/DEBUG] [cpw.mods.modlauncher.TransformationServicesHandler/MODLAUNCHER]: Discovering transformation services
[06Nov2025 23:44:28.337] [main/DEBUG] [net.minecraftforge.fml.loading.FMLPaths/CORE]: Path GAMEDIR is C:\Users\domyc\MCreatorWorkspaces\modpericolante\run
[06Nov2025 23:44:28.339] [main/DEBUG] [net.minecraftforge.fml.loading.FMLPaths/CORE]: Path MODSDIR is C:\Users\domyc\MCreatorWorkspaces\modpericolante\run\mods
[06Nov2025 23:44:28.340] [main/DEBUG] [net.minecraftforge.fml.loading.FMLPaths/CORE]: Path CONFIGDIR is C:\Users\domyc\MCreatorWorkspaces\modpericolante\run\config
[06Nov2025 23:44:28.341] [main/DEBUG] [net.minecraftforge.fml.loading.FMLPaths/CORE]: Path FMLCONFIG is C:\Users\domyc\MCreatorWorkspaces\modpericolante\run\config\fml.toml
[06Nov2025 23:44:28.497] [main/DEBUG] [cpw.mods.modlauncher.TransformationServicesHandler/MODLAUNCHER]: Found additional transformation services from discovery services: 
[06Nov2025 23:44:28.516] [main/INFO] [net.minecraftforge.fml.loading.ImmediateWindowHandler/]: Loading ImmediateWindowProvider fmlearlywindow
[06Nov2025 23:44:28.704] [main/INFO] [EARLYDISPLAY/]: Trying GL version 4.6
[06Nov2025 23:44:28.894] [main/INFO] [EARLYDISPLAY/]: Requested GL version 4.6 got version 4.6
[06Nov2025 23:44:29.023] [main/DEBUG] [cpw.mods.modlauncher.TransformationServicesHandler/MODLAUNCHER]: Found transformer services : [mixin,fml]
[06Nov2025 23:44:29.023] [main/DEBUG] [cpw.mods.modlauncher.TransformationServicesHandler/MODLAUNCHER]: Transformation services loading
[06Nov2025 23:44:29.027] [main/DEBUG] [cpw.mods.modlauncher.TransformationServiceDecorator/MODLAUNCHER]: Loading service mixin
[06Nov2025 23:44:29.029] [main/DEBUG] [cpw.mods.modlauncher.TransformationServiceDecorator/MODLAUNCHER]: Loaded service mixin
[06Nov2025 23:44:29.029] [main/DEBUG] [cpw.mods.modlauncher.TransformationServiceDecorator/MODLAUNCHER]: Loading service fml
[06Nov2025 23:44:29.032] [main/DEBUG] [net.minecraftforge.fml.loading.LauncherVersion/CORE]: Found FMLLauncher version 1.0
[06Nov2025 23:44:29.034] [main/DEBUG] [net.minecraftforge.fml.loading.FMLLoader/CORE]: FML 1.0 loading
[06Nov2025 23:44:29.037] [main/DEBUG] [net.minecraftforge.fml.loading.FMLLoader/CORE]: FML found ModLauncher version : 10.0.9+10.0.9+main.dcd20f30
[06Nov2025 23:44:29.037] [main/DEBUG] [net.minecraftforge.fml.loading.FMLLoader/CORE]: FML found AccessTransformer version : 8.0.4+66+master.c09db6d7
[06Nov2025 23:44:29.038] [main/DEBUG] [net.minecraftforge.fml.loading.FMLLoader/CORE]: FML found EventBus version : 6.0.5+6.0.5+master.eb8e549b
[06Nov2025 23:44:29.039] [main/DEBUG] [net.minecraftforge.fml.loading.FMLLoader/CORE]: Found Runtime Dist Cleaner
[06Nov2025 23:44:29.044] [main/DEBUG] [net.minecraftforge.fml.loading.FMLLoader/CORE]: FML found CoreMod version : 5.1.6
[06Nov2025 23:44:29.045] [main/DEBUG] [net.minecraftforge.fml.loading.FMLLoader/CORE]: Found ForgeSPI package implementation version 7.0.1+7.0.1+master.d2b38bf6
[06Nov2025 23:44:29.046] [main/DEBUG] [net.minecraftforge.fml.loading.FMLLoader/CORE]: Found ForgeSPI package specification 5
[06Nov2025 23:44:29.046] [main/DEBUG] [cpw.mods.modlauncher.TransformationServiceDecorator/MODLAUNCHER]: Loaded service fml
[06Nov2025 23:44:29.050] [main/DEBUG] [cpw.mods.modlauncher.TransformationServicesHandler/MODLAUNCHER]: Configuring option handling for services
[06Nov2025 23:44:29.063] [main/DEBUG] [cpw.mods.modlauncher.TransformationServicesHandler/MODLAUNCHER]: Transformation services initializing
[06Nov2025 23:44:29.072] [main/DEBUG] [cpw.mods.modlauncher.TransformationServiceDecorator/MODLAUNCHER]: Initializing transformation service mixin
[06Nov2025 23:44:29.152] [main/DEBUG] [mixin/]: MixinService [ModLauncher] was successfully booted in cpw.mods.cl.ModuleClassLoader@20ccf40b
[06Nov2025 23:44:29.174] [main/INFO] [mixin/]: SpongePowered MIXIN Subsystem Version=0.8.5 Source=union:/C:/Users/domyc/.mcreator/gradle/caches/modules-2/files-2.1/org.spongepowered/mixin/0.8.5/9d1c0c3a304ae6697ecd477218fa61b850bf57fc/mixin-0.8.5.jar%23128!/ Service=ModLauncher Env=CLIENT
[06Nov2025 23:44:29.178] [main/DEBUG] [mixin/]: Initialising Mixin Platform Manager
[06Nov2025 23:44:29.179] [main/DEBUG] [mixin/]: Adding mixin platform agents for container ModLauncher Root Container(ModLauncher:4f56a0a2)
[06Nov2025 23:44:29.180] [main/DEBUG] [mixin/]: Instancing new MixinPlatformAgentMinecraftForge for ModLauncher Root Container(ModLauncher:4f56a0a2)
[06Nov2025 23:44:29.182] [main/DEBUG] [mixin/]: MixinPlatformAgentMinecraftForge rejected container ModLauncher Root Container(ModLauncher:4f56a0a2)
[06Nov2025 23:44:29.183] [main/DEBUG] [mixin/]: Instancing new MixinPlatformAgentDefault for ModLauncher Root Container(ModLauncher:4f56a0a2)
[06Nov2025 23:44:29.183] [main/DEBUG] [mixin/]: MixinPlatformAgentDefault accepted container ModLauncher Root Container(ModLauncher:4f56a0a2)
[06Nov2025 23:44:29.185] [main/DEBUG] [cpw.mods.modlauncher.TransformationServiceDecorator/MODLAUNCHER]: Initialized transformation service mixin
[06Nov2025 23:44:29.186] [main/DEBUG] [cpw.mods.modlauncher.TransformationServiceDecorator/MODLAUNCHER]: Initializing transformation service fml
[06Nov2025 23:44:29.186] [main/DEBUG] [net.minecraftforge.fml.loading.FMLServiceProvider/CORE]: Setting up basic FML game directories
[06Nov2025 23:44:29.187] [main/DEBUG] [net.minecraftforge.fml.loading.FMLPaths/CORE]: Path GAMEDIR is C:\Users\domyc\MCreatorWorkspaces\modpericolante\run
[06Nov2025 23:44:29.188] [main/DEBUG] [net.minecraftforge.fml.loading.FMLPaths/CORE]: Path MODSDIR is C:\Users\domyc\MCreatorWorkspaces\modpericolante\run\mods
[06Nov2025 23:44:29.188] [main/DEBUG] [net.minecraftforge.fml.loading.FMLPaths/CORE]: Path CONFIGDIR is C:\Users\domyc\MCreatorWorkspaces\modpericolante\run\config
[06Nov2025 23:44:29.189] [main/DEBUG] [net.minecraftforge.fml.loading.FMLPaths/CORE]: Path FMLCONFIG is C:\Users\domyc\MCreatorWorkspaces\modpericolante\run\config\fml.toml
[06Nov2025 23:44:29.189] [main/DEBUG] [net.minecraftforge.fml.loading.FMLServiceProvider/CORE]: Loading configuration
[06Nov2025 23:44:29.193] [main/DEBUG] [net.minecraftforge.fml.loading.FMLServiceProvider/CORE]: Preparing ModFile
[06Nov2025 23:44:29.199] [main/DEBUG] [net.minecraftforge.fml.loading.FMLServiceProvider/CORE]: Preparing launch handler
[06Nov2025 23:44:29.200] [pool-2-thread-1/INFO] [EARLYDISPLAY/]: GL info: Intel(R) Arc(TM) Graphics GL version 4.6.0 - Build 31.0.101.5007, Intel
[06Nov2025 23:44:29.200] [main/DEBUG] [net.minecraftforge.fml.loading.FMLLoader/CORE]: Using forgeclientuserdev as launch service
[06Nov2025 23:44:29.289] [main/DEBUG] [net.minecraftforge.fml.loading.FMLLoader/CORE]: Received command line version data  : VersionInfo[forgeVersion=47.3.0, mcVersion=1.20.1, mcpVersion=20230612.114412, forgeGroup=net.minecraftforge]
[06Nov2025 23:44:29.303] [main/DEBUG] [cpw.mods.modlauncher.TransformationServiceDecorator/MODLAUNCHER]: Initialized transformation service fml
[06Nov2025 23:44:29.304] [main/DEBUG] [cpw.mods.modlauncher.NameMappingServiceHandler/MODLAUNCHER]: Current naming domain is 'mcp'
[06Nov2025 23:44:29.314] [main/DEBUG] [cpw.mods.modlauncher.NameMappingServiceHandler/MODLAUNCHER]: Identified name mapping providers {srg=srgtomcp:1234}
[06Nov2025 23:44:29.316] [main/DEBUG] [cpw.mods.modlauncher.TransformationServicesHandler/MODLAUNCHER]: Transformation services begin scanning
[06Nov2025 23:44:29.319] [main/DEBUG] [cpw.mods.modlauncher.TransformationServiceDecorator/MODLAUNCHER]: Beginning scan trigger - transformation service mixin
[06Nov2025 23:44:29.319] [main/DEBUG] [cpw.mods.modlauncher.TransformationServiceDecorator/MODLAUNCHER]: End scan trigger - transformation service mixin
[06Nov2025 23:44:29.320] [main/DEBUG] [cpw.mods.modlauncher.TransformationServiceDecorator/MODLAUNCHER]: Beginning scan trigger - transformation service fml
[06Nov2025 23:44:29.320] [main/DEBUG] [net.minecraftforge.fml.loading.FMLServiceProvider/CORE]: Initiating mod scan
[06Nov2025 23:44:29.446] [main/DEBUG] [net.minecraftforge.fml.loading.moddiscovery.ModListHandler/CORE]: Found mod coordinates from lists: []
[06Nov2025 23:44:29.453] [main/DEBUG] [net.minecraftforge.fml.loading.moddiscovery.ModDiscoverer/CORE]: Found Mod Locators : (mods folder:null),(maven libs:null),(exploded directory:null),(minecraft:null),(userdev classpath:null)
[06Nov2025 23:44:29.455] [main/DEBUG] [net.minecraftforge.fml.loading.moddiscovery.ModDiscoverer/CORE]: Found Dependency Locators : (JarInJar:null)
[06Nov2025 23:44:29.539] [main/DEBUG] [net.minecraftforge.fml.loading.targets.CommonLaunchHandler/CORE]: Got mod coordinates examplemod%%C:\Users\domyc\MCreatorWorkspaces\modpericolante\build\resources\main;examplemod%%C:\Users\domyc\MCreatorWorkspaces\modpericolante\build\classes\java\main from env
[06Nov2025 23:44:29.543] [main/DEBUG] [net.minecraftforge.fml.loading.targets.CommonLaunchHandler/CORE]: Found supplied mod coordinates [{examplemod=[C:\Users\domyc\MCreatorWorkspaces\modpericolante\build\resources\main, C:\Users\domyc\MCreatorWorkspaces\modpericolante\build\classes\java\main]}]
[06Nov2025 23:44:30.665] [main/DEBUG] [net.minecraftforge.fml.loading.moddiscovery.ModFileInfo/LOADING]: Found valid mod file forge-1.20.1-47.3.0_mapped_official_1.20.1-recomp.jar with {minecraft} mods - versions {1.20.1}
[06Nov2025 23:44:30.674] [main/DEBUG] [net.minecraftforge.fml.loading.moddiscovery.ModFileParser/LOADING]: Considering mod file candidate C:\Users\domyc\.mcreator\gradle\caches\modules-2\files-2.1\net.minecraftforge\javafmllanguage\1.20.1-47.3.0\d7ebc62120f202109e300e084ca1a31a7b946a62\javafmllanguage-1.20.1-47.3.0.jar
[06Nov2025 23:44:30.674] [main/WARN] [net.minecraftforge.fml.loading.moddiscovery.ModFileParser/LOADING]: Mod file C:\Users\domyc\.mcreator\gradle\caches\modules-2\files-2.1\net.minecraftforge\javafmllanguage\1.20.1-47.3.0\d7ebc62120f202109e300e084ca1a31a7b946a62\javafmllanguage-1.20.1-47.3.0.jar is missing mods.toml file
[06Nov2025 23:44:30.680] [main/DEBUG] [net.minecraftforge.fml.loading.moddiscovery.ModFileParser/LOADING]: Considering mod file candidate C:\Users\domyc\.mcreator\gradle\caches\modules-2\files-2.1\net.minecraftforge\lowcodelanguage\1.20.1-47.3.0\1bf3e845ea0ce750096da8c71c8364b188ab74d4\lowcodelanguage-1.20.1-47.3.0.jar
[06Nov2025 23:44:30.681] [main/WARN] [net.minecraftforge.fml.loading.moddiscovery.ModFileParser/LOADING]: Mod file C:\Users\domyc\.mcreator\gradle\caches\modules-2\files-2.1\net.minecraftforge\lowcodelanguage\1.20.1-47.3.0\1bf3e845ea0ce750096da8c71c8364b188ab74d4\lowcodelanguage-1.20.1-47.3.0.jar is missing mods.toml file
[06Nov2025 23:44:30.686] [main/DEBUG] [net.minecraftforge.fml.loading.moddiscovery.ModFileParser/LOADING]: Considering mod file candidate C:\Users\domyc\.mcreator\gradle\caches\modules-2\files-2.1\net.minecraftforge\mclanguage\1.20.1-47.3.0\6093682e943ddccbabf70539319d7f2fe64db2e7\mclanguage-1.20.1-47.3.0.jar
[06Nov2025 23:44:30.687] [main/WARN] [net.minecraftforge.fml.loading.moddiscovery.ModFileParser/LOADING]: Mod file C:\Users\domyc\.mcreator\gradle\caches\modules-2\files-2.1\net.minecraftforge\mclanguage\1.20.1-47.3.0\6093682e943ddccbabf70539319d7f2fe64db2e7\mclanguage-1.20.1-47.3.0.jar is missing mods.toml file
[06Nov2025 23:44:30.692] [main/DEBUG] [net.minecraftforge.fml.loading.moddiscovery.ModFileParser/LOADING]: Considering mod file candidate C:\Users\domyc\.mcreator\gradle\caches\modules-2\files-2.1\net.minecraftforge\fmlcore\1.20.1-47.3.0\3b6be96aba3e323f3c918e8ef6a96312d82d76ad\fmlcore-1.20.1-47.3.0.jar
[06Nov2025 23:44:30.693] [main/WARN] [net.minecraftforge.fml.loading.moddiscovery.ModFileParser/LOADING]: Mod file C:\Users\domyc\.mcreator\gradle\caches\modules-2\files-2.1\net.minecraftforge\fmlcore\1.20.1-47.3.0\3b6be96aba3e323f3c918e8ef6a96312d82d76ad\fmlcore-1.20.1-47.3.0.jar is missing mods.toml file
[06Nov2025 23:44:30.699] [main/DEBUG] [net.minecraftforge.fml.loading.moddiscovery.ModFileParser/LOADING]: Considering mod file candidate C:\Users\domyc\MCreatorWorkspaces\modpericolante\build\resources\main
[06Nov2025 23:44:30.710] [main/DEBUG] [net.minecraftforge.fml.loading.moddiscovery.ModFileInfo/LOADING]: Found valid mod file main with {cum} mods - versions {1.0.0}
[06Nov2025 23:44:30.714] [main/DEBUG] [net.minecraftforge.fml.loading.moddiscovery.ModFileParser/LOADING]: Considering mod file candidate /
[06Nov2025 23:44:30.717] [main/DEBUG] [net.minecraftforge.fml.loading.moddiscovery.ModFileInfo/LOADING]: Found valid mod file  with {forge} mods - versions {47.3.0}
[06Nov2025 23:44:30.765] [main/DEBUG] [net.minecraftforge.fml.loading.moddiscovery.AbstractJarFileDependencyLocator/]: Failed to load resource META-INF\jarjar\metadata.json from forge-1.20.1-47.3.0_mapped_official_1.20.1-recomp.jar, it does not contain dependency information.
[06Nov2025 23:44:30.765] [main/DEBUG] [net.minecraftforge.fml.loading.moddiscovery.AbstractJarFileDependencyLocator/]: Failed to load resource META-INF\jarjar\metadata.json from , it does not contain dependency information.
[06Nov2025 23:44:30.766] [main/DEBUG] [net.minecraftforge.fml.loading.moddiscovery.AbstractJarFileDependencyLocator/]: Failed to load resource META-INF\jarjar\metadata.json from main, it does not contain dependency information.
[06Nov2025 23:44:30.767] [main/DEBUG] [net.minecraftforge.fml.loading.moddiscovery.AbstractJarFileDependencyLocator/]: Failed to load resource META-INF\jarjar\metadata.json from mclanguage-1.20.1-47.3.0.jar, it does not contain dependency information.
[06Nov2025 23:44:30.767] [main/DEBUG] [net.minecraftforge.fml.loading.moddiscovery.AbstractJarFileDependencyLocator/]: Failed to load resource META-INF\jarjar\metadata.json from javafmllanguage-1.20.1-47.3.0.jar, it does not contain dependency information.
[06Nov2025 23:44:30.767] [main/DEBUG] [net.minecraftforge.fml.loading.moddiscovery.AbstractJarFileDependencyLocator/]: Failed to load resource META-INF\jarjar\metadata.json from fmlcore-1.20.1-47.3.0.jar, it does not contain dependency information.
[06Nov2025 23:44:30.768] [main/DEBUG] [net.minecraftforge.fml.loading.moddiscovery.AbstractJarFileDependencyLocator/]: Failed to load resource META-INF\jarjar\metadata.json from lowcodelanguage-1.20.1-47.3.0.jar, it does not contain dependency information.
[06Nov2025 23:44:30.826] [main/INFO] [net.minecraftforge.fml.loading.moddiscovery.JarInJarDependencyLocator/]: No dependencies to load found. Skipping!
[06Nov2025 23:44:30.829] [main/DEBUG] [net.minecraftforge.fml.loading.moddiscovery.ModFileInfo/LOADING]: Found valid mod file forge-1.20.1-47.3.0_mapped_official_1.20.1-recomp.jar with {minecraft} mods - versions {1.20.1}
[06Nov2025 23:44:30.837] [main/DEBUG] [net.minecraftforge.fml.loading.moddiscovery.ModFile/LOADING]: Loading mod file C:\Users\domyc\MCreatorWorkspaces\modpericolante\build\fg_cache\net\minecraftforge\forge\1.20.1-47.3.0_mapped_official_1.20.1\forge-1.20.1-47.3.0_mapped_official_1.20.1-recomp.jar with languages [LanguageSpec[languageName=minecraft, acceptedVersions=1]]
[06Nov2025 23:44:30.841] [main/DEBUG] [net.minecraftforge.fml.loading.moddiscovery.ModFileParser/LOADING]: Considering mod file candidate /
[06Nov2025 23:44:30.843] [main/DEBUG] [net.minecraftforge.fml.loading.moddiscovery.ModFileInfo/LOADING]: Found valid mod file  with {forge} mods - versions {47.3.0}
[06Nov2025 23:44:30.845] [main/DEBUG] [net.minecraftforge.fml.loading.moddiscovery.ModFile/LOADING]: Loading mod file / with languages [LanguageSpec[languageName=javafml, acceptedVersions=[24,]]]
[06Nov2025 23:44:30.923] [main/DEBUG] [net.minecraftforge.fml.loading.moddiscovery.ModFileParser/LOADING]: Found coremod field_to_method with Javascript path coremods/field_to_method.js
[06Nov2025 23:44:30.923] [main/DEBUG] [net.minecraftforge.fml.loading.moddiscovery.ModFileParser/LOADING]: Found coremod field_to_instanceof with Javascript path coremods/field_to_instanceof.js
[06Nov2025 23:44:30.924] [main/DEBUG] [net.minecraftforge.fml.loading.moddiscovery.ModFileParser/LOADING]: Found coremod add_bouncer_method with Javascript path coremods/add_bouncer_method.js
[06Nov2025 23:44:30.924] [main/DEBUG] [net.minecraftforge.fml.loading.moddiscovery.ModFileParser/LOADING]: Found coremod method_redirector with Javascript path coremods/method_redirector.js
[06Nov2025 23:44:30.924] [main/DEBUG] [net.minecraftforge.fml.loading.moddiscovery.ModFile/LOADING]: Found coremod coremods/field_to_method.js
[06Nov2025 23:44:30.924] [main/DEBUG] [net.minecraftforge.fml.loading.moddiscovery.ModFile/LOADING]: Found coremod coremods/field_to_instanceof.js
[06Nov2025 23:44:30.925] [main/DEBUG] [net.minecraftforge.fml.loading.moddiscovery.ModFile/LOADING]: Found coremod coremods/add_bouncer_method.js
[06Nov2025 23:44:30.925] [main/DEBUG] [net.minecraftforge.fml.loading.moddiscovery.ModFile/LOADING]: Found coremod coremods/method_redirector.js
[06Nov2025 23:44:30.926] [main/DEBUG] [net.minecraftforge.fml.loading.moddiscovery.ModFileParser/LOADING]: Considering mod file candidate C:\Users\domyc\MCreatorWorkspaces\modpericolante\build\resources\main
[06Nov2025 23:44:30.930] [main/DEBUG] [net.minecraftforge.fml.loading.moddiscovery.ModFileInfo/LOADING]: Found valid mod file main with {cum} mods - versions {1.0.0}
[06Nov2025 23:44:30.932] [main/DEBUG] [net.minecraftforge.fml.loading.moddiscovery.ModFile/LOADING]: Loading mod file C:\Users\domyc\MCreatorWorkspaces\modpericolante\build\resources\main with languages [LanguageSpec[languageName=javafml, acceptedVersions=[47,)]]
[06Nov2025 23:44:30.936] [main/DEBUG] [cpw.mods.modlauncher.TransformationServiceDecorator/MODLAUNCHER]: End scan trigger - transformation service fml
[06Nov2025 23:44:30.954] [main/DEBUG] [net.minecraftforge.fml.loading.LanguageLoadingProvider/CORE]: Found 3 language providers
[06Nov2025 23:44:30.955] [main/DEBUG] [net.minecraftforge.fml.loading.LanguageLoadingProvider/CORE]: Found language provider minecraft, version 1.0
[06Nov2025 23:44:30.957] [main/DEBUG] [net.minecraftforge.fml.loading.LanguageLoadingProvider/CORE]: Found language provider lowcodefml, version 47
[06Nov2025 23:44:30.957] [main/DEBUG] [net.minecraftforge.fml.loading.LanguageLoadingProvider/CORE]: Found language provider javafml, version 47
[06Nov2025 23:44:30.969] [main/DEBUG] [net.minecraftforge.fml.loading.ModSorter/]: Configured system mods: [minecraft, forge]
[06Nov2025 23:44:30.970] [main/DEBUG] [net.minecraftforge.fml.loading.ModSorter/]: Found system mod: minecraft
[06Nov2025 23:44:30.970] [main/DEBUG] [net.minecraftforge.fml.loading.ModSorter/]: Found system mod: forge
[06Nov2025 23:44:30.975] [main/DEBUG] [net.minecraftforge.fml.loading.ModSorter/LOADING]: Found 1 mod requirements (1 mandatory, 0 optional)
[06Nov2025 23:44:30.977] [main/DEBUG] [net.minecraftforge.fml.loading.ModSorter/LOADING]: Found 0 mod requirements missing (0 mandatory, 0 optional)
[06Nov2025 23:44:32.493] [main/DEBUG] [net.minecraftforge.fml.loading.MCPNamingService/CORE]: Loaded 33222 method mappings from methods.csv
[06Nov2025 23:44:32.566] [main/DEBUG] [net.minecraftforge.fml.loading.MCPNamingService/CORE]: Loaded 31003 field mappings from fields.csv
[06Nov2025 23:44:32.675] [main/DEBUG] [cpw.mods.modlauncher.TransformationServicesHandler/MODLAUNCHER]: Transformation services loading transformers
[06Nov2025 23:44:32.679] [main/DEBUG] [cpw.mods.modlauncher.TransformationServiceDecorator/MODLAUNCHER]: Initializing transformers for transformation service mixin
[06Nov2025 23:44:32.682] [main/DEBUG] [cpw.mods.modlauncher.TransformationServiceDecorator/MODLAUNCHER]: Initialized transformers for transformation service mixin
[06Nov2025 23:44:32.682] [main/DEBUG] [cpw.mods.modlauncher.TransformationServiceDecorator/MODLAUNCHER]: Initializing transformers for transformation service fml
[06Nov2025 23:44:32.682] [main/DEBUG] [net.minecraftforge.fml.loading.FMLServiceProvider/CORE]: Loading coremod transformers
[06Nov2025 23:44:32.684] [main/DEBUG] [net.minecraftforge.coremod.CoreModEngine/COREMOD]: Loading CoreMod from coremods/field_to_method.js
[06Nov2025 23:44:33.372] [main/DEBUG] [net.minecraftforge.coremod.CoreModEngine/COREMOD]: CoreMod loaded successfully
[06Nov2025 23:44:33.372] [main/DEBUG] [net.minecraftforge.coremod.CoreModEngine/COREMOD]: Loading CoreMod from coremods/field_to_instanceof.js
[06Nov2025 23:44:33.512] [main/DEBUG] [net.minecraftforge.coremod.CoreModEngine/COREMOD]: CoreMod loaded successfully
[06Nov2025 23:44:33.513] [main/DEBUG] [net.minecraftforge.coremod.CoreModEngine/COREMOD]: Loading CoreMod from coremods/add_bouncer_method.js
[06Nov2025 23:44:33.606] [main/DEBUG] [net.minecraftforge.coremod.CoreModEngine/COREMOD]: CoreMod loaded successfully
[06Nov2025 23:44:33.607] [main/DEBUG] [net.minecraftforge.coremod.CoreModEngine/COREMOD]: Loading CoreMod from coremods/method_redirector.js
[06Nov2025 23:44:33.739] [main/DEBUG] [net.minecraftforge.coremod.CoreModEngine/COREMOD]: CoreMod loaded successfully
[06Nov2025 23:44:33.774] [main/DEBUG] [cpw.mods.modlauncher.TransformStore/MODLAUNCHER]: Adding transformer net.minecraftforge.coremod.transformer.CoreModClassTransformer@7be2f29a to Target : CLASS {Lnet/minecraft/world/level/biome/Biome;} {} {V}
[06Nov2025 23:44:33.779] [main/DEBUG] [cpw.mods.modlauncher.TransformStore/MODLAUNCHER]: Adding transformer net.minecraftforge.coremod.transformer.CoreModClassTransformer@5fef2aac to Target : CLASS {Lnet/minecraft/world/level/levelgen/structure/Structure;} {} {V}
[06Nov2025 23:44:33.780] [main/DEBUG] [cpw.mods.modlauncher.TransformStore/MODLAUNCHER]: Adding transformer net.minecraftforge.coremod.transformer.CoreModClassTransformer@7f973a14 to Target : CLASS {Lnet/minecraft/world/effect/MobEffectInstance;} {} {V}
[06Nov2025 23:44:33.782] [main/DEBUG] [cpw.mods.modlauncher.TransformStore/MODLAUNCHER]: Adding transformer net.minecraftforge.coremod.transformer.CoreModClassTransformer@76130a29 to Target : CLASS {Lnet/minecraft/world/level/block/LiquidBlock;} {} {V}
[06Nov2025 23:44:33.782] [main/DEBUG] [cpw.mods.modlauncher.TransformStore/MODLAUNCHER]: Adding transformer net.minecraftforge.coremod.transformer.CoreModClassTransformer@124d02b2 to Target : CLASS {Lnet/minecraft/world/item/BucketItem;} {} {V}
[06Nov2025 23:44:33.783] [main/DEBUG] [cpw.mods.modlauncher.TransformStore/MODLAUNCHER]: Adding transformer net.minecraftforge.coremod.transformer.CoreModClassTransformer@3451f01d to Target : CLASS {Lnet/minecraft/world/level/block/StairBlock;} {} {V}
[06Nov2025 23:44:33.783] [main/DEBUG] [cpw.mods.modlauncher.TransformStore/MODLAUNCHER]: Adding transformer net.minecraftforge.coremod.transformer.CoreModClassTransformer@72503b19 to Target : CLASS {Lnet/minecraft/world/level/block/FlowerPotBlock;} {} {V}
[06Nov2025 23:44:33.783] [main/DEBUG] [cpw.mods.modlauncher.TransformStore/MODLAUNCHER]: Adding transformer net.minecraftforge.coremod.transformer.CoreModClassTransformer@1cfc2538 to Target : CLASS {Lnet/minecraft/world/item/ItemStack;} {} {V}
[06Nov2025 23:44:33.783] [main/DEBUG] [cpw.mods.modlauncher.TransformStore/MODLAUNCHER]: Adding transformer net.minecraftforge.coremod.transformer.CoreModClassTransformer@66deec87 to Target : CLASS {Lnet/minecraft/network/play/client/CClientSettingsPacket;} {} {V}
[06Nov2025 23:44:33.783] [main/DEBUG] [cpw.mods.modlauncher.TransformStore/MODLAUNCHER]: Adding transformer net.minecraftforge.coremod.transformer.CoreModClassTransformer@5d342959 to Target : CLASS {Lnet/minecraft/world/entity/EntityType;} {} {V}
[06Nov2025 23:44:33.783] [main/DEBUG] [cpw.mods.modlauncher.TransformStore/MODLAUNCHER]: Adding transformer net.minecraftforge.coremod.transformer.CoreModClassTransformer@5d342959 to Target : CLASS {Lnet/minecraft/world/entity/animal/frog/Tadpole;} {} {V}
[06Nov2025 23:44:33.784] [main/DEBUG] [cpw.mods.modlauncher.TransformStore/MODLAUNCHER]: Adding transformer net.minecraftforge.coremod.transformer.CoreModClassTransformer@5d342959 to Target : CLASS {Lnet/minecraft/world/entity/monster/Strider;} {} {V}
[06Nov2025 23:44:33.784] [main/DEBUG] [cpw.mods.modlauncher.TransformStore/MODLAUNCHER]: Adding transformer net.minecraftforge.coremod.transformer.CoreModClassTransformer@5d342959 to Target : CLASS {Lnet/minecraft/world/level/levelgen/PatrolSpawner;} {} {V}
[06Nov2025 23:44:33.784] [main/DEBUG] [cpw.mods.modlauncher.TransformStore/MODLAUNCHER]: Adding transformer net.minecraftforge.coremod.transformer.CoreModClassTransformer@5d342959 to Target : CLASS {Lnet/minecraft/server/commands/SummonCommand;} {} {V}
[06Nov2025 23:44:33.784] [main/DEBUG] [cpw.mods.modlauncher.TransformStore/MODLAUNCHER]: Adding transformer net.minecraftforge.coremod.transformer.CoreModClassTransformer@5d342959 to Target : CLASS {Lnet/minecraft/world/entity/monster/ZombieVillager;} {} {V}
[06Nov2025 23:44:33.785] [main/DEBUG] [cpw.mods.modlauncher.TransformStore/MODLAUNCHER]: Adding transformer net.minecraftforge.coremod.transformer.CoreModClassTransformer@5d342959 to Target : CLASS {Lnet/minecraft/world/entity/npc/CatSpawner;} {} {V}
[06Nov2025 23:44:33.785] [main/DEBUG] [cpw.mods.modlauncher.TransformStore/MODLAUNCHER]: Adding transformer net.minecraftforge.coremod.transformer.CoreModClassTransformer@5d342959 to Target : CLASS {Lnet/minecraft/world/entity/monster/Zombie;} {} {V}
[06Nov2025 23:44:33.785] [main/DEBUG] [cpw.mods.modlauncher.TransformStore/MODLAUNCHER]: Adding transformer net.minecraftforge.coremod.transformer.CoreModClassTransformer@5d342959 to Target : CLASS {Lnet/minecraft/world/entity/raid/Raid;} {} {V}
[06Nov2025 23:44:33.785] [main/DEBUG] [cpw.mods.modlauncher.TransformStore/MODLAUNCHER]: Adding transformer net.minecraftforge.coremod.transformer.CoreModClassTransformer@5d342959 to Target : CLASS {Lnet/minecraft/world/level/levelgen/structure/structures/SwampHutPiece;} {} {V}
[06Nov2025 23:44:33.785] [main/DEBUG] [cpw.mods.modlauncher.TransformStore/MODLAUNCHER]: Adding transformer net.minecraftforge.coremod.transformer.CoreModClassTransformer@5d342959 to Target : CLASS {Lnet/minecraft/world/entity/monster/Spider;} {} {V}
[06Nov2025 23:44:33.785] [main/DEBUG] [cpw.mods.modlauncher.TransformStore/MODLAUNCHER]: Adding transformer net.minecraftforge.coremod.transformer.CoreModClassTransformer@5d342959 to Target : CLASS {Lnet/minecraft/world/entity/monster/Evoker$EvokerSummonSpellGoal;} {} {V}
[06Nov2025 23:44:33.785] [main/DEBUG] [cpw.mods.modlauncher.TransformStore/MODLAUNCHER]: Adding transformer net.minecraftforge.coremod.transformer.CoreModClassTransformer@5d342959 to Target : CLASS {Lnet/minecraft/world/level/levelgen/structure/templatesystem/StructureTemplate;} {} {V}
[06Nov2025 23:44:33.786] [main/DEBUG] [cpw.mods.modlauncher.TransformStore/MODLAUNCHER]: Adding transformer net.minecraftforge.coremod.transformer.CoreModClassTransformer@5d342959 to Target : CLASS {Lnet/minecraft/server/commands/RaidCommand;} {} {V}
[06Nov2025 23:44:33.786] [main/DEBUG] [cpw.mods.modlauncher.TransformStore/MODLAUNCHER]: Adding transformer net.minecraftforge.coremod.transformer.CoreModClassTransformer@5d342959 to Target : CLASS {Lnet/minecraft/world/level/levelgen/PhantomSpawner;} {} {V}
[06Nov2025 23:44:33.786] [main/DEBUG] [cpw.mods.modlauncher.TransformStore/MODLAUNCHER]: Adding transformer net.minecraftforge.coremod.transformer.CoreModClassTransformer@5d342959 to Target : CLASS {Lnet/minecraft/world/entity/ai/village/VillageSiege;} {} {V}
[06Nov2025 23:44:33.786] [main/DEBUG] [cpw.mods.modlauncher.TransformStore/MODLAUNCHER]: Adding transformer net.minecraftforge.coremod.transformer.CoreModClassTransformer@5d342959 to Target : CLASS {Lnet/minecraft/world/entity/animal/horse/SkeletonTrapGoal;} {} {V}
[06Nov2025 23:44:33.786] [main/DEBUG] [cpw.mods.modlauncher.TransformStore/MODLAUNCHER]: Adding transformer net.minecraftforge.coremod.transformer.CoreModClassTransformer@5d342959 to Target : CLASS {Lnet/minecraft/world/level/levelgen/structure/structures/OceanMonumentPieces$OceanMonumentPiece;} {} {V}
[06Nov2025 23:44:33.786] [main/DEBUG] [cpw.mods.modlauncher.TransformStore/MODLAUNCHER]: Adding transformer net.minecraftforge.coremod.transformer.CoreModClassTransformer@5d342959 to Target : CLASS {Lnet/minecraft/world/level/levelgen/structure/structures/WoodlandMansionPieces$WoodlandMansionPiece;} {} {V}
[06Nov2025 23:44:33.786] [main/DEBUG] [cpw.mods.modlauncher.TransformStore/MODLAUNCHER]: Adding transformer net.minecraftforge.coremod.transformer.CoreModClassTransformer@5d342959 to Target : CLASS {Lnet/minecraft/world/level/levelgen/structure/structures/OceanRuinPieces$OceanRuinPiece;} {} {V}
[06Nov2025 23:44:33.786] [main/DEBUG] [cpw.mods.modlauncher.TransformStore/MODLAUNCHER]: Adding transformer net.minecraftforge.coremod.transformer.CoreModClassTransformer@5d342959 to Target : CLASS {Lnet/minecraft/world/entity/npc/Villager;} {} {V}
[06Nov2025 23:44:33.786] [main/DEBUG] [cpw.mods.modlauncher.TransformStore/MODLAUNCHER]: Adding transformer net.minecraftforge.coremod.transformer.CoreModClassTransformer@5d342959 to Target : CLASS {Lnet/minecraft/world/level/NaturalSpawner;} {} {V}
[06Nov2025 23:44:33.787] [main/DEBUG] [cpw.mods.modlauncher.TransformationServiceDecorator/MODLAUNCHER]: Initialized transformers for transformation service fml
[06Nov2025 23:44:35.520] [main/DEBUG] [mixin/]: Processing prepare() for PlatformAgent[MixinPlatformAgentDefault:ModLauncher Root Container(ModLauncher:4f56a0a2)]
[06Nov2025 23:44:35.520] [main/DEBUG] [mixin/]: Processing launch tasks for PlatformAgent[MixinPlatformAgentDefault:ModLauncher Root Container(ModLauncher:4f56a0a2)]
[06Nov2025 23:44:35.521] [main/DEBUG] [mixin/]: Adding mixin platform agents for container SecureJarResource(minecraft)
[06Nov2025 23:44:35.521] [main/DEBUG] [mixin/]: Instancing new MixinPlatformAgentMinecraftForge for SecureJarResource(minecraft)
[06Nov2025 23:44:35.521] [main/DEBUG] [mixin/]: MixinPlatformAgentMinecraftForge rejected container SecureJarResource(minecraft)
[06Nov2025 23:44:35.521] [main/DEBUG] [mixin/]: Instancing new MixinPlatformAgentDefault for SecureJarResource(minecraft)
[06Nov2025 23:44:35.521] [main/DEBUG] [mixin/]: MixinPlatformAgentDefault accepted container SecureJarResource(minecraft)
[06Nov2025 23:44:35.521] [main/DEBUG] [mixin/]: Processing prepare() for PlatformAgent[MixinPlatformAgentDefault:SecureJarResource(minecraft)]
[06Nov2025 23:44:35.521] [main/DEBUG] [mixin/]: Adding mixin platform agents for container SecureJarResource(forge)
[06Nov2025 23:44:35.521] [main/DEBUG] [mixin/]: Instancing new MixinPlatformAgentMinecraftForge for SecureJarResource(forge)
[06Nov2025 23:44:35.521] [main/DEBUG] [mixin/]: MixinPlatformAgentMinecraftForge rejected container SecureJarResource(forge)
[06Nov2025 23:44:35.521] [main/DEBUG] [mixin/]: Instancing new MixinPlatformAgentDefault for SecureJarResource(forge)
[06Nov2025 23:44:35.522] [main/DEBUG] [mixin/]: MixinPlatformAgentDefault accepted container SecureJarResource(forge)
[06Nov2025 23:44:35.522] [main/DEBUG] [mixin/]: Processing prepare() for PlatformAgent[MixinPlatformAgentDefault:SecureJarResource(forge)]
[06Nov2025 23:44:35.522] [main/DEBUG] [mixin/]: Adding mixin platform agents for container SecureJarResource(cum)
[06Nov2025 23:44:35.522] [main/DEBUG] [mixin/]: Instancing new MixinPlatformAgentMinecraftForge for SecureJarResource(cum)
[06Nov2025 23:44:35.523] [main/DEBUG] [mixin/]: MixinPlatformAgentMinecraftForge rejected container SecureJarResource(cum)
[06Nov2025 23:44:35.523] [main/DEBUG] [mixin/]: Instancing new MixinPlatformAgentDefault for SecureJarResource(cum)
[06Nov2025 23:44:35.523] [main/DEBUG] [mixin/]: MixinPlatformAgentDefault accepted container SecureJarResource(cum)
[06Nov2025 23:44:35.523] [main/DEBUG] [mixin/]: Processing prepare() for PlatformAgent[MixinPlatformAgentDefault:SecureJarResource(cum)]
[06Nov2025 23:44:35.523] [main/DEBUG] [mixin/]: inject() running with 4 agents
[06Nov2025 23:44:35.524] [main/DEBUG] [mixin/]: Processing inject() for PlatformAgent[MixinPlatformAgentDefault:ModLauncher Root Container(ModLauncher:4f56a0a2)]
[06Nov2025 23:44:35.524] [main/DEBUG] [mixin/]: Processing inject() for PlatformAgent[MixinPlatformAgentDefault:SecureJarResource(minecraft)]
[06Nov2025 23:44:35.524] [main/DEBUG] [mixin/]: Processing inject() for PlatformAgent[MixinPlatformAgentDefault:SecureJarResource(forge)]
[06Nov2025 23:44:35.524] [main/DEBUG] [mixin/]: Processing inject() for PlatformAgent[MixinPlatformAgentDefault:SecureJarResource(cum)]
[06Nov2025 23:44:35.526] [main/INFO] [cpw.mods.modlauncher.LaunchServiceHandler/MODLAUNCHER]: Launching target 'forgeclientuserdev' with arguments [--version, MOD_DEV, --gameDir, ., --assetsDir, C:\Users\domyc\.mcreator\gradle\caches\forge_gradle\assets, --assetIndex, 5]
[06Nov2025 23:44:35.644] [main/DEBUG] [mixin/]: Error cleaning class output directory: .mixin.out
[06Nov2025 23:44:35.650] [main/DEBUG] [mixin/]: Preparing mixins for MixinEnvironment[DEFAULT]
[06Nov2025 23:44:36.567] [main/DEBUG] [io.netty.util.internal.logging.InternalLoggerFactory/]: Using SLF4J as the default logging framework
[06Nov2025 23:44:36.579] [main/DEBUG] [io.netty.util.ResourceLeakDetector/]: -Dio.netty.leakDetection.level: simple
[06Nov2025 23:44:36.579] [main/DEBUG] [io.netty.util.ResourceLeakDetector/]: -Dio.netty.leakDetection.targetRecords: 4
[06Nov2025 23:44:36.863] [main/DEBUG] [oshi.util.FileUtil/]: No oshi.properties file found from ClassLoader cpw.mods.modlauncher.TransformingClassLoader@365cdacf
[06Nov2025 23:44:37.543] [main/DEBUG] [oshi.util.FileUtil/]: No oshi.architecture.properties file found from ClassLoader cpw.mods.modlauncher.TransformingClassLoader@365cdacf
[06Nov2025 23:44:41.323] [pool-4-thread-1/DEBUG] [net.minecraftforge.coremod.transformer.CoreModBaseTransformer/COREMOD]: Transforming net/minecraft/world/entity/EntityType
[06Nov2025 23:44:42.839] [pool-4-thread-1/DEBUG] [net.minecraftforge.coremod.transformer.CoreModBaseTransformer/COREMOD]: Transforming net/minecraft/world/level/block/LiquidBlock
[06Nov2025 23:44:42.890] [pool-4-thread-1/DEBUG] [net.minecraftforge.coremod.transformer.CoreModBaseTransformer/COREMOD]: Transforming net/minecraft/world/level/block/StairBlock
[06Nov2025 23:44:42.990] [pool-4-thread-1/DEBUG] [net.minecraftforge.coremod.transformer.CoreModBaseTransformer/COREMOD]: Transforming net/minecraft/world/level/block/FlowerPotBlock
[06Nov2025 23:44:45.187] [pool-4-thread-1/DEBUG] [net.minecraftforge.coremod.transformer.CoreModBaseTransformer/COREMOD]: Transforming net/minecraft/world/item/ItemStack
[06Nov2025 23:44:47.867] [pool-4-thread-1/DEBUG] [net.minecraftforge.coremod.transformer.CoreModBaseTransformer/COREMOD]: Transforming net/minecraft/world/entity/animal/frog/Tadpole
[06Nov2025 23:44:47.920] [pool-4-thread-1/DEBUG] [net.minecraftforge.coremod.transformer.CoreModBaseTransformer/COREMOD]: Transforming net/minecraft/world/item/BucketItem
[06Nov2025 23:44:49.646] [pool-4-thread-1/DEBUG] [net.minecraftforge.coremod.transformer.CoreModBaseTransformer/COREMOD]: Transforming net/minecraft/world/entity/monster/Spider
[06Nov2025 23:44:49.764] [Datafixer Bootstrap/INFO] [com.mojang.datafixers.DataFixerBuilder/]: 188 Datafixer optimizations took 295 milliseconds
[06Nov2025 23:44:49.835] [pool-4-thread-1/DEBUG] [net.minecraftforge.coremod.transformer.CoreModBaseTransformer/COREMOD]: Transforming net/minecraft/world/entity/monster/Zombie
[06Nov2025 23:44:49.930] [pool-4-thread-1/DEBUG] [net.minecraftforge.coremod.transformer.CoreModBaseTransformer/COREMOD]: Transforming net/minecraft/world/entity/monster/ZombieVillager
[06Nov2025 23:44:50.184] [pool-4-thread-1/DEBUG] [net.minecraftforge.coremod.transformer.CoreModBaseTransformer/COREMOD]: Transforming net/minecraft/world/entity/monster/Evoker$EvokerSummonSpellGoal
[06Nov2025 23:44:50.627] [pool-4-thread-1/DEBUG] [net.minecraftforge.coremod.transformer.CoreModBaseTransformer/COREMOD]: Transforming net/minecraft/world/entity/animal/horse/SkeletonTrapGoal
[06Nov2025 23:44:50.675] [pool-4-thread-1/DEBUG] [net.minecraftforge.coremod.transformer.CoreModBaseTransformer/COREMOD]: Transforming net/minecraft/world/entity/monster/Strider
[06Nov2025 23:44:50.845] [pool-4-thread-1/DEBUG] [net.minecraftforge.coremod.transformer.CoreModBaseTransformer/COREMOD]: Transforming net/minecraft/world/entity/npc/Villager
[06Nov2025 23:44:51.069] [pool-4-thread-1/DEBUG] [net.minecraftforge.coremod.transformer.CoreModBaseTransformer/COREMOD]: Transforming net/minecraft/world/effect/MobEffectInstance
[06Nov2025 23:44:52.284] [pool-4-thread-1/DEBUG] [net.minecraftforge.coremod.transformer.CoreModBaseTransformer/COREMOD]: Transforming net/minecraft/world/level/levelgen/structure/Structure
[06Nov2025 23:44:52.359] [pool-4-thread-1/DEBUG] [net.minecraftforge.coremod.transformer.CoreModBaseTransformer/COREMOD]: Transforming net/minecraft/world/level/levelgen/structure/structures/OceanRuinPieces$OceanRuinPiece
[06Nov2025 23:44:52.405] [pool-4-thread-1/DEBUG] [net.minecraftforge.coremod.transformer.CoreModBaseTransformer/COREMOD]: Transforming net/minecraft/world/level/levelgen/structure/structures/SwampHutPiece
[06Nov2025 23:44:52.437] [pool-4-thread-1/DEBUG] [net.minecraftforge.coremod.transformer.CoreModBaseTransformer/COREMOD]: Transforming net/minecraft/world/level/levelgen/structure/structures/OceanMonumentPieces$OceanMonumentPiece
[06Nov2025 23:44:52.494] [pool-4-thread-1/DEBUG] [net.minecraftforge.coremod.transformer.CoreModBaseTransformer/COREMOD]: Transforming net/minecraft/world/level/levelgen/structure/structures/WoodlandMansionPieces$WoodlandMansionPiece
[06Nov2025 23:44:52.693] [pool-4-thread-1/DEBUG] [net.minecraftforge.coremod.transformer.CoreModBaseTransformer/COREMOD]: Transforming net/minecraft/world/level/biome/Biome
[06Nov2025 23:44:53.035] [pool-4-thread-1/DEBUG] [net.minecraftforge.registries.GameData/REGISTRIES]: Creating vanilla freeze snapshot
[06Nov2025 23:44:53.037] [pool-4-thread-1/DEBUG] [net.minecraftforge.registries.ForgeRegistry/REGISTRIES]: Registry minecraft:block Sync: VANILLA -> ACTIVE
[06Nov2025 23:44:53.057] [pool-4-thread-1/DEBUG] [net.minecraftforge.registries.ForgeRegistry/REGISTRIES]: Registry minecraft:fluid Sync: VANILLA -> ACTIVE
[06Nov2025 23:44:53.058] [pool-4-thread-1/DEBUG] [net.minecraftforge.registries.ForgeRegistry/REGISTRIES]: Registry minecraft:item Sync: VANILLA -> ACTIVE
[06Nov2025 23:44:53.071] [pool-4-thread-1/DEBUG] [net.minecraftforge.registries.ForgeRegistry/REGISTRIES]: Registry minecraft:mob_effect Sync: VANILLA -> ACTIVE
[06Nov2025 23:44:53.072] [pool-4-thread-1/DEBUG] [net.minecraftforge.registries.ForgeRegistry/REGISTRIES]: Registry minecraft:sound_event Sync: VANILLA -> ACTIVE
[06Nov2025 23:44:53.086] [pool-4-thread-1/DEBUG] [net.minecraftforge.registries.ForgeRegistry/REGISTRIES]: Registry minecraft:potion Sync: VANILLA -> ACTIVE
[06Nov2025 23:44:53.087] [pool-4-thread-1/DEBUG] [net.minecraftforge.registries.ForgeRegistry/REGISTRIES]: Registry minecraft:enchantment Sync: VANILLA -> ACTIVE
[06Nov2025 23:44:53.088] [pool-4-thread-1/DEBUG] [net.minecraftforge.registries.ForgeRegistry/REGISTRIES]: Registry minecraft:entity_type Sync: VANILLA -> ACTIVE
[06Nov2025 23:44:53.089] [pool-4-thread-1/DEBUG] [net.minecraftforge.registries.ForgeRegistry/REGISTRIES]: Registry minecraft:block_entity_type Sync: VANILLA -> ACTIVE
[06Nov2025 23:44:53.090] [pool-4-thread-1/DEBUG] [net.minecraftforge.registries.ForgeRegistry/REGISTRIES]: Registry minecraft:particle_type Sync: VANILLA -> ACTIVE
[06Nov2025 23:44:53.090] [pool-4-thread-1/DEBUG] [net.minecraftforge.registries.ForgeRegistry/REGISTRIES]: Registry minecraft:menu Sync: VANILLA -> ACTIVE
[06Nov2025 23:44:53.092] [pool-4-thread-1/DEBUG] [net.minecraftforge.registries.ForgeRegistry/REGISTRIES]: Registry minecraft:painting_variant Sync: VANILLA -> ACTIVE
[06Nov2025 23:44:53.092] [pool-4-thread-1/DEBUG] [net.minecraftforge.registries.ForgeRegistry/REGISTRIES]: Registry minecraft:recipe_type Sync: VANILLA -> ACTIVE
[06Nov2025 23:44:53.092] [pool-4-thread-1/DEBUG] [net.minecraftforge.registries.ForgeRegistry/REGISTRIES]: Registry minecraft:recipe_serializer Sync: VANILLA -> ACTIVE
[06Nov2025 23:44:53.092] [pool-4-thread-1/DEBUG] [net.minecraftforge.registries.ForgeRegistry/REGISTRIES]: Registry minecraft:attribute Sync: VANILLA -> ACTIVE
[06Nov2025 23:44:53.093] [pool-4-thread-1/DEBUG] [net.minecraftforge.registries.ForgeRegistry/REGISTRIES]: Registry minecraft:stat_type Sync: VANILLA -> ACTIVE
[06Nov2025 23:44:53.093] [pool-4-thread-1/DEBUG] [net.minecraftforge.registries.ForgeRegistry/REGISTRIES]: Registry minecraft:command_argument_type Sync: VANILLA -> ACTIVE
[06Nov2025 23:44:53.093] [pool-4-thread-1/DEBUG] [net.minecraftforge.registries.ForgeRegistry/REGISTRIES]: Registry minecraft:villager_profession Sync: VANILLA -> ACTIVE
[06Nov2025 23:44:53.094] [pool-4-thread-1/DEBUG] [net.minecraftforge.registries.ForgeRegistry/REGISTRIES]: Registry minecraft:point_of_interest_type Sync: VANILLA -> ACTIVE
[06Nov2025 23:44:53.097] [pool-4-thread-1/DEBUG] [net.minecraftforge.registries.ForgeRegistry/REGISTRIES]: Registry minecraft:memory_module_type Sync: VANILLA -> ACTIVE
[06Nov2025 23:44:53.099] [pool-4-thread-1/DEBUG] [net.minecraftforge.registries.ForgeRegistry/REGISTRIES]: Registry minecraft:sensor_type Sync: VANILLA -> ACTIVE
[06Nov2025 23:44:53.099] [pool-4-thread-1/DEBUG] [net.minecraftforge.registries.ForgeRegistry/REGISTRIES]: Registry minecraft:schedule Sync: VANILLA -> ACTIVE
[06Nov2025 23:44:53.100] [pool-4-thread-1/DEBUG] [net.minecraftforge.registries.ForgeRegistry/REGISTRIES]: Registry minecraft:activity Sync: VANILLA -> ACTIVE
[06Nov2025 23:44:53.100] [pool-4-thread-1/DEBUG] [net.minecraftforge.registries.ForgeRegistry/REGISTRIES]: Registry minecraft:worldgen/carver Sync: VANILLA -> ACTIVE
[06Nov2025 23:44:53.101] [pool-4-thread-1/DEBUG] [net.minecraftforge.registries.ForgeRegistry/REGISTRIES]: Registry minecraft:worldgen/feature Sync: VANILLA -> ACTIVE
[06Nov2025 23:44:53.101] [pool-4-thread-1/DEBUG] [net.minecraftforge.registries.ForgeRegistry/REGISTRIES]: Registry minecraft:chunk_status Sync: VANILLA -> ACTIVE
[06Nov2025 23:44:53.102] [pool-4-thread-1/DEBUG] [net.minecraftforge.registries.ForgeRegistry/REGISTRIES]: Registry minecraft:worldgen/block_state_provider_type Sync: VANILLA -> ACTIVE
[06Nov2025 23:44:53.102] [pool-4-thread-1/DEBUG] [net.minecraftforge.registries.ForgeRegistry/REGISTRIES]: Registry minecraft:worldgen/foliage_placer_type Sync: VANILLA -> ACTIVE
[06Nov2025 23:44:53.102] [pool-4-thread-1/DEBUG] [net.minecraftforge.registries.ForgeRegistry/REGISTRIES]: Registry minecraft:worldgen/tree_decorator_type Sync: VANILLA -> ACTIVE
[06Nov2025 23:44:53.103] [pool-4-thread-1/DEBUG] [net.minecraftforge.registries.ForgeRegistry/REGISTRIES]: Registry minecraft:worldgen/biome Sync: VANILLA -> ACTIVE
[06Nov2025 23:44:53.119] [pool-4-thread-1/DEBUG] [net.minecraftforge.registries.GameData/REGISTRIES]: Vanilla freeze snapshot created
[06Nov2025 23:44:55.090] [Render thread/WARN] [net.minecraft.server.packs.VanillaPackResourcesBuilder/]: Assets URL 'union:/C:/Users/domyc/MCreatorWorkspaces/modpericolante/build/fg_cache/net/minecraftforge/forge/1.20.1-47.3.0_mapped_official_1.20.1/forge-1.20.1-47.3.0_mapped_official_1.20.1-recomp.jar%23191!/assets/.mcassetsroot' uses unexpected schema
[06Nov2025 23:44:55.092] [Render thread/WARN] [net.minecraft.server.packs.VanillaPackResourcesBuilder/]: Assets URL 'union:/C:/Users/domyc/MCreatorWorkspaces/modpericolante/build/fg_cache/net/minecraftforge/forge/1.20.1-47.3.0_mapped_official_1.20.1/forge-1.20.1-47.3.0_mapped_official_1.20.1-recomp.jar%23191!/data/.mcassetsroot' uses unexpected schema
[06Nov2025 23:44:55.131] [Render thread/INFO] [com.mojang.authlib.yggdrasil.YggdrasilAuthenticationService/]: Environment: authHost='https://authserver.mojang.com', accountsHost='https://api.mojang.com', sessionHost='https://sessionserver.mojang.com', servicesHost='https://api.minecraftservices.com', name='PROD'
[06Nov2025 23:44:55.149] [Render thread/INFO] [net.minecraft.client.Minecraft/]: Setting user: Dev
[06Nov2025 23:44:55.384] [Render thread/INFO] [net.minecraft.client.Minecraft/]: Backend library: LWJGL version 3.3.1 build 7
[06Nov2025 23:44:55.805] [Render thread/DEBUG] [net.minecraftforge.common.ForgeI18n/CORE]: Loading I18N data entries: 6430
[06Nov2025 23:44:56.066] [Render thread/DEBUG] [net.minecraftforge.fml.ModWorkManager/LOADING]: Using 18 threads for parallel mod-loading
[06Nov2025 23:44:56.094] [Render thread/DEBUG] [net.minecraftforge.fml.javafmlmod.FMLJavaModLanguageProvider/LOADING]: Loading FMLModContainer from classloader cpw.mods.modlauncher.TransformingClassLoader@365cdacf - got cpw.mods.cl.ModuleClassLoader@7b7b3edb
[06Nov2025 23:44:56.095] [Render thread/DEBUG] [net.minecraftforge.fml.javafmlmod.FMLModContainer/LOADING]: Creating FMLModContainer instance for net.minecraftforge.common.ForgeMod
[06Nov2025 23:44:56.142] [Render thread/DEBUG] [net.minecraftforge.fml.javafmlmod.FMLJavaModLanguageProvider/LOADING]: Loading FMLModContainer from classloader cpw.mods.modlauncher.TransformingClassLoader@365cdacf - got cpw.mods.cl.ModuleClassLoader@7b7b3edb
[06Nov2025 23:44:56.150] [Render thread/DEBUG] [net.minecraftforge.fml.javafmlmod.FMLModContainer/LOADING]: Creating FMLModContainer instance for net.mcreator.cum.CumMod
[06Nov2025 23:44:56.452] [modloading-worker-0/DEBUG] [net.minecraftforge.versions.forge.ForgeVersion/CORE]: Forge Version package package net.minecraftforge.versions.forge, Forge, version 47.3 from cpw.mods.modlauncher.TransformingClassLoader@365cdacf
[06Nov2025 23:44:56.453] [modloading-worker-0/DEBUG] [net.minecraftforge.versions.forge.ForgeVersion/CORE]: Found Forge version 47.3.0
[06Nov2025 23:44:56.453] [modloading-worker-0/DEBUG] [net.minecraftforge.versions.forge.ForgeVersion/CORE]: Found Forge spec 47.3
[06Nov2025 23:44:56.453] [modloading-worker-0/DEBUG] [net.minecraftforge.versions.forge.ForgeVersion/CORE]: Found Forge group net.minecraftforge
[06Nov2025 23:44:56.455] [modloading-worker-0/DEBUG] [net.minecraftforge.versions.mcp.MCPVersion/CORE]: MCP Version package package net.minecraftforge.versions.mcp, Minecraft, version 1.20.1 from cpw.mods.modlauncher.TransformingClassLoader@365cdacf
[06Nov2025 23:44:56.455] [modloading-worker-0/DEBUG] [net.minecraftforge.versions.mcp.MCPVersion/CORE]: Found MC version information 1.20.1
[06Nov2025 23:44:56.455] [modloading-worker-0/DEBUG] [net.minecraftforge.versions.mcp.MCPVersion/CORE]: Found MCP version information 20230612.114412
[06Nov2025 23:44:56.456] [modloading-worker-0/INFO] [net.minecraftforge.common.ForgeMod/FORGEMOD]: Forge mod loading, version 47.3.0, for MC 1.20.1 with MCP 20230612.114412
[06Nov2025 23:44:56.461] [modloading-worker-0/INFO] [net.minecraftforge.common.MinecraftForge/FORGE]: MinecraftForge v47.3.0 Initialized
[06Nov2025 23:44:57.144] [modloading-worker-0/DEBUG] [io.netty.util.internal.PlatformDependent0/]: -Dio.netty.noUnsafe: false
[06Nov2025 23:44:57.145] [modloading-worker-0/DEBUG] [io.netty.util.internal.PlatformDependent0/]: Java version: 17
[06Nov2025 23:44:57.172] [modloading-worker-0/DEBUG] [io.netty.util.internal.PlatformDependent0/]: sun.misc.Unsafe.theUnsafe: available
[06Nov2025 23:44:57.173] [modloading-worker-0/DEBUG] [io.netty.util.internal.PlatformDependent0/]: sun.misc.Unsafe.copyMemory: available
[06Nov2025 23:44:57.175] [modloading-worker-0/DEBUG] [io.netty.util.internal.PlatformDependent0/]: sun.misc.Unsafe.storeFence: available
[06Nov2025 23:44:57.176] [modloading-worker-0/DEBUG] [io.netty.util.internal.PlatformDependent0/]: java.nio.Buffer.address: available
[06Nov2025 23:44:57.178] [modloading-worker-0/DEBUG] [io.netty.util.internal.PlatformDependent0/]: direct buffer constructor: unavailable
java.lang.UnsupportedOperationException: Reflective setAccessible(true) disabled
	at io.netty.util.internal.ReflectionUtil.trySetAccessible(ReflectionUtil.java:31) ~[netty-common-4.1.82.Final.jar%23151!/:4.1.82.Final]
	at io.netty.util.internal.PlatformDependent0$5.run(PlatformDependent0.java:288) ~[netty-common-4.1.82.Final.jar%23151!/:4.1.82.Final]
	at java.security.AccessController.doPrivileged(AccessController.java:318) ~[?:?]
	at io.netty.util.internal.PlatformDependent0.<clinit>(PlatformDependent0.java:282) ~[netty-common-4.1.82.Final.jar%23151!/:4.1.82.Final]
	at io.netty.util.internal.PlatformDependent.isAndroid(PlatformDependent.java:333) ~[netty-common-4.1.82.Final.jar%23151!/:4.1.82.Final]
	at io.netty.util.internal.PlatformDependent.<clinit>(PlatformDependent.java:88) ~[netty-common-4.1.82.Final.jar%23151!/:4.1.82.Final]
	at io.netty.util.ConstantPool.<init>(ConstantPool.java:34) ~[netty-common-4.1.82.Final.jar%23151!/:4.1.82.Final]
	at io.netty.util.AttributeKey$1.<init>(AttributeKey.java:27) ~[netty-common-4.1.82.Final.jar%23151!/:4.1.82.Final]
	at io.netty.util.AttributeKey.<clinit>(AttributeKey.java:27) ~[netty-common-4.1.82.Final.jar%23151!/:4.1.82.Final]
	at net.minecraftforge.network.NetworkConstants.<clinit>(NetworkConstants.java:34) ~[forge-1.20.1-47.3.0_mapped_official_1.20.1-recomp.jar%23190%23197!/:?]
	at net.minecraftforge.common.ForgeMod.<init>(ForgeMod.java:429) ~[forge-1.20.1-47.3.0_mapped_official_1.20.1-recomp.jar%23190%23197!/:?]
	at jdk.internal.reflect.NativeConstructorAccessorImpl.newInstance0(Native Method) ~[?:?]
	at jdk.internal.reflect.NativeConstructorAccessorImpl.newInstance(NativeConstructorAccessorImpl.java:77) ~[?:?]
	at jdk.internal.reflect.DelegatingConstructorAccessorImpl.newInstance(DelegatingConstructorAccessorImpl.java:45) ~[?:?]
	at java.lang.reflect.Constructor.newInstanceWithCaller(Constructor.java:500) ~[?:?]
	at java.lang.reflect.Constructor.newInstance(Constructor.java:481) ~[?:?]
	at net.minecraftforge.fml.javafmlmod.FMLModContainer.constructMod(FMLModContainer.java:70) ~[javafmllanguage-1.20.1-47.3.0.jar%23192!/:?]
	at net.minecraftforge.fml.ModContainer.lambda$buildTransitionHandler$4(ModContainer.java:124) ~[fmlcore-1.20.1-47.3.0.jar%23195!/:?]
	at java.util.concurrent.CompletableFuture$AsyncRun.run(CompletableFuture.java:1804) ~[?:?]
	at java.util.concurrent.CompletableFuture$AsyncRun.exec(CompletableFuture.java:1796) ~[?:?]
	at java.util.concurrent.ForkJoinTask.doExec(ForkJoinTask.java:373) ~[?:?]
	at java.util.concurrent.ForkJoinPool$WorkQueue.topLevelExec(ForkJoinPool.java:1182) ~[?:?]
	at java.util.concurrent.ForkJoinPool.scan(ForkJoinPool.java:1655) ~[?:?]
	at java.util.concurrent.ForkJoinPool.runWorker(ForkJoinPool.java:1622) ~[?:?]
	at java.util.concurrent.ForkJoinWorkerThread.run(ForkJoinWorkerThread.java:165) ~[?:?]
[06Nov2025 23:44:57.180] [modloading-worker-0/DEBUG] [io.netty.util.internal.PlatformDependent0/]: java.nio.Bits.unaligned: available, true
[06Nov2025 23:44:57.182] [modloading-worker-0/DEBUG] [io.netty.util.internal.PlatformDependent0/]: jdk.internal.misc.Unsafe.allocateUninitializedArray(int): unavailable
java.lang.IllegalAccessException: class io.netty.util.internal.PlatformDependent0$7 (in module io.netty.common) cannot access class jdk.internal.misc.Unsafe (in module java.base) because module java.base does not export jdk.internal.misc to module io.netty.common
	at jdk.internal.reflect.Reflection.newIllegalAccessException(Reflection.java:392) ~[?:?]
	at java.lang.reflect.AccessibleObject.checkAccess(AccessibleObject.java:674) ~[?:?]
	at java.lang.reflect.Method.invoke(Method.java:561) ~[?:?]
	at io.netty.util.internal.PlatformDependent0$7.run(PlatformDependent0.java:410) ~[netty-common-4.1.82.Final.jar%23151!/:4.1.82.Final]
	at java.security.AccessController.doPrivileged(AccessController.java:318) ~[?:?]
	at io.netty.util.internal.PlatformDependent0.<clinit>(PlatformDependent0.java:401) ~[netty-common-4.1.82.Final.jar%23151!/:4.1.82.Final]
	at io.netty.util.internal.PlatformDependent.isAndroid(PlatformDependent.java:333) ~[netty-common-4.1.82.Final.jar%23151!/:4.1.82.Final]
	at io.netty.util.internal.PlatformDependent.<clinit>(PlatformDependent.java:88) ~[netty-common-4.1.82.Final.jar%23151!/:4.1.82.Final]
	at io.netty.util.ConstantPool.<init>(ConstantPool.java:34) ~[netty-common-4.1.82.Final.jar%23151!/:4.1.82.Final]
	at io.netty.util.AttributeKey$1.<init>(AttributeKey.java:27) ~[netty-common-4.1.82.Final.jar%23151!/:4.1.82.Final]
	at io.netty.util.AttributeKey.<clinit>(AttributeKey.java:27) ~[netty-common-4.1.82.Final.jar%23151!/:4.1.82.Final]
	at net.minecraftforge.network.NetworkConstants.<clinit>(NetworkConstants.java:34) ~[forge-1.20.1-47.3.0_mapped_official_1.20.1-recomp.jar%23190%23197!/:?]
	at net.minecraftforge.common.ForgeMod.<init>(ForgeMod.java:429) ~[forge-1.20.1-47.3.0_mapped_official_1.20.1-recomp.jar%23190%23197!/:?]
	at jdk.internal.reflect.NativeConstructorAccessorImpl.newInstance0(Native Method) ~[?:?]
	at jdk.internal.reflect.NativeConstructorAccessorImpl.newInstance(NativeConstructorAccessorImpl.java:77) ~[?:?]
	at jdk.internal.reflect.DelegatingConstructorAccessorImpl.newInstance(DelegatingConstructorAccessorImpl.java:45) ~[?:?]
	at java.lang.reflect.Constructor.newInstanceWithCaller(Constructor.java:500) ~[?:?]
	at java.lang.reflect.Constructor.newInstance(Constructor.java:481) ~[?:?]
	at net.minecraftforge.fml.javafmlmod.FMLModContainer.constructMod(FMLModContainer.java:70) ~[javafmllanguage-1.20.1-47.3.0.jar%23192!/:?]
	at net.minecraftforge.fml.ModContainer.lambda$buildTransitionHandler$4(ModContainer.java:124) ~[fmlcore-1.20.1-47.3.0.jar%23195!/:?]
	at java.util.concurrent.CompletableFuture$AsyncRun.run(CompletableFuture.java:1804) ~[?:?]
	at java.util.concurrent.CompletableFuture$AsyncRun.exec(CompletableFuture.java:1796) ~[?:?]
	at java.util.concurrent.ForkJoinTask.doExec(ForkJoinTask.java:373) ~[?:?]
	at java.util.concurrent.ForkJoinPool$WorkQueue.topLevelExec(ForkJoinPool.java:1182) ~[?:?]
	at java.util.concurrent.ForkJoinPool.scan(ForkJoinPool.java:1655) ~[?:?]
	at java.util.concurrent.ForkJoinPool.runWorker(ForkJoinPool.java:1622) ~[?:?]
	at java.util.concurrent.ForkJoinWorkerThread.run(ForkJoinWorkerThread.java:165) ~[?:?]
[06Nov2025 23:44:57.184] [modloading-worker-0/DEBUG] [io.netty.util.internal.PlatformDependent0/]: java.nio.DirectByteBuffer.<init>(long, int): unavailable
[06Nov2025 23:44:57.184] [modloading-worker-0/DEBUG] [io.netty.util.internal.PlatformDependent/]: sun.misc.Unsafe: available
[06Nov2025 23:44:57.185] [modloading-worker-0/DEBUG] [io.netty.util.internal.PlatformDependent/]: maxDirectMemory: 4215275520 bytes (maybe)
[06Nov2025 23:44:57.185] [modloading-worker-0/DEBUG] [io.netty.util.internal.PlatformDependent/]: -Dio.netty.tmpdir: C:\Users\domyc\AppData\Local\Temp (java.io.tmpdir)
[06Nov2025 23:44:57.185] [modloading-worker-0/DEBUG] [io.netty.util.internal.PlatformDependent/]: -Dio.netty.bitMode: 64 (sun.arch.data.model)
[06Nov2025 23:44:57.186] [modloading-worker-0/DEBUG] [io.netty.util.internal.PlatformDependent/]: Platform: Windows
[06Nov2025 23:44:57.188] [modloading-worker-0/DEBUG] [io.netty.util.internal.PlatformDependent/]: -Dio.netty.maxDirectMemory: -1 bytes
[06Nov2025 23:44:57.188] [modloading-worker-0/DEBUG] [io.netty.util.internal.PlatformDependent/]: -Dio.netty.uninitializedArrayAllocationThreshold: -1
[06Nov2025 23:44:57.190] [modloading-worker-0/DEBUG] [io.netty.util.internal.CleanerJava9/]: java.nio.ByteBuffer.cleaner(): available
[06Nov2025 23:44:57.190] [modloading-worker-0/DEBUG] [io.netty.util.internal.PlatformDependent/]: -Dio.netty.noPreferDirect: false
[06Nov2025 23:44:57.231] [modloading-worker-0/DEBUG] [net.minecraftforge.common.ForgeMod/FORGEMOD]: Loading Network data for FML net version: FML3
[06Nov2025 23:44:57.287] [modloading-worker-0/DEBUG] [net.minecraftforge.fml.config.ConfigTracker/CONFIG]: Config file forge-client.toml for forge tracking
[06Nov2025 23:44:57.287] [modloading-worker-0/DEBUG] [net.minecraftforge.fml.config.ConfigTracker/CONFIG]: Config file forge-server.toml for forge tracking
[06Nov2025 23:44:57.288] [modloading-worker-0/DEBUG] [net.minecraftforge.fml.ModLoadingContext/]: Attempted to register an empty config for type COMMON on mod forge
[06Nov2025 23:44:57.332] [modloading-worker-0/DEBUG] [net.minecraftforge.fml.javafmlmod.AutomaticEventSubscriber/LOADING]: Attempting to inject @EventBusSubscriber classes into the eventbus for forge
[06Nov2025 23:44:57.336] [modloading-worker-0/DEBUG] [net.minecraftforge.fml.javafmlmod.AutomaticEventSubscriber/LOADING]: Auto-subscribing net.minecraftforge.common.ForgeSpawnEggItem$CommonHandler to MOD
[06Nov2025 23:44:57.338] [modloading-worker-0/DEBUG] [net.minecraftforge.fml.javafmlmod.AutomaticEventSubscriber/LOADING]: Auto-subscribing net.minecraftforge.common.ForgeSpawnEggItem$ColorRegisterHandler to MOD
[06Nov2025 23:44:57.344] [modloading-worker-0/DEBUG] [net.minecraftforge.fml.javafmlmod.AutomaticEventSubscriber/LOADING]: Auto-subscribing net.minecraftforge.client.model.data.ModelDataManager to FORGE
[06Nov2025 23:44:57.347] [modloading-worker-0/DEBUG] [net.minecraftforge.fml.javafmlmod.AutomaticEventSubscriber/LOADING]: Auto-subscribing net.minecraftforge.client.ForgeHooksClient$ClientEvents to MOD
[06Nov2025 23:44:57.357] [modloading-worker-0/DEBUG] [net.minecraftforge.fml.javafmlmod.AutomaticEventSubscriber/LOADING]: Auto-subscribing net.minecraftforge.client.ClientForgeMod to MOD
[06Nov2025 23:44:57.870] [modloading-worker-0/DEBUG] [net.minecraftforge.fml.javafmlmod.AutomaticEventSubscriber/LOADING]: Attempting to inject @EventBusSubscriber classes into the eventbus for cum
[06Nov2025 23:44:57.871] [modloading-worker-0/DEBUG] [net.minecraftforge.fml.javafmlmod.AutomaticEventSubscriber/LOADING]: Auto-subscribing net.mcreator.cum.client.screens.PenalizzatoOverlayOverlay to FORGE
[06Nov2025 23:44:57.876] [modloading-worker-0/DEBUG] [net.minecraftforge.fml.javafmlmod.AutomaticEventSubscriber/LOADING]: Auto-subscribing net.mcreator.cum.client.screens.PericoloooOverlay to FORGE
[06Nov2025 23:44:57.881] [modloading-worker-0/DEBUG] [net.minecraftforge.fml.javafmlmod.AutomaticEventSubscriber/LOADING]: Auto-subscribing net.mcreator.cum.init.CumModBiomes to FORGE
[06Nov2025 23:44:57.885] [modloading-worker-0/DEBUG] [net.minecraftforge.fml.javafmlmod.AutomaticEventSubscriber/LOADING]: Auto-subscribing net.mcreator.cum.init.CumModBlocks$BlocksClientSideHandler to MOD
[06Nov2025 23:44:57.889] [modloading-worker-0/DEBUG] [net.minecraftforge.fml.javafmlmod.AutomaticEventSubscriber/LOADING]: Auto-subscribing net.mcreator.cum.init.CumModEntities to MOD
[06Nov2025 23:44:57.893] [modloading-worker-0/DEBUG] [net.minecraftforge.fml.javafmlmod.AutomaticEventSubscriber/LOADING]: Auto-subscribing net.mcreator.cum.init.CumModEntityRenderers to MOD
[06Nov2025 23:44:57.898] [modloading-worker-0/DEBUG] [net.minecraftforge.fml.javafmlmod.AutomaticEventSubscriber/LOADING]: Auto-subscribing net.mcreator.cum.init.CumModFluids$FluidsClientSideHandler to MOD
[06Nov2025 23:44:57.900] [modloading-worker-0/DEBUG] [net.minecraftforge.fml.javafmlmod.AutomaticEventSubscriber/LOADING]: Auto-subscribing net.mcreator.cum.init.CumModGameRules to MOD
[06Nov2025 23:44:57.917] [modloading-worker-0/DEBUG] [net.minecraftforge.fml.javafmlmod.AutomaticEventSubscriber/LOADING]: Auto-subscribing net.mcreator.cum.init.CumModModels to MOD
[06Nov2025 23:44:57.921] [modloading-worker-0/DEBUG] [net.minecraftforge.fml.javafmlmod.AutomaticEventSubscriber/LOADING]: Auto-subscribing net.mcreator.cum.init.CumModParticles to MOD
[06Nov2025 23:44:57.932] [modloading-worker-0/DEBUG] [net.minecraftforge.fml.javafmlmod.AutomaticEventSubscriber/LOADING]: Auto-subscribing net.mcreator.cum.init.CumModScreens to MOD
[06Nov2025 23:44:57.937] [modloading-worker-0/DEBUG] [net.minecraftforge.fml.javafmlmod.AutomaticEventSubscriber/LOADING]: Auto-subscribing net.mcreator.cum.init.CumModTabs to MOD
[06Nov2025 23:44:57.940] [modloading-worker-0/DEBUG] [net.minecraftforge.fml.javafmlmod.AutomaticEventSubscriber/LOADING]: Auto-subscribing net.mcreator.cum.init.CumModTrades to FORGE
[06Nov2025 23:44:57.944] [modloading-worker-0/DEBUG] [net.minecraftforge.fml.javafmlmod.AutomaticEventSubscriber/LOADING]: Auto-subscribing net.mcreator.cum.item.inventory.MicropipettaInventoryCapability to FORGE
[06Nov2025 23:44:57.954] [modloading-worker-0/DEBUG] [net.minecraftforge.fml.javafmlmod.AutomaticEventSubscriber/LOADING]: Auto-subscribing net.mcreator.cum.network.AzioniDelTelefonoButtonMessage to MOD
[06Nov2025 23:44:57.957] [modloading-worker-0/DEBUG] [net.minecraftforge.fml.javafmlmod.AutomaticEventSubscriber/LOADING]: Auto-subscribing net.mcreator.cum.network.BalatroGUIButtonMessage to MOD
[06Nov2025 23:44:57.960] [modloading-worker-0/DEBUG] [net.minecraftforge.fml.javafmlmod.AutomaticEventSubscriber/LOADING]: Auto-subscribing net.mcreator.cum.network.ChatGPTButtonMessage to MOD
[06Nov2025 23:44:57.963] [modloading-worker-0/DEBUG] [net.minecraftforge.fml.javafmlmod.AutomaticEventSubscriber/LOADING]: Auto-subscribing net.mcreator.cum.network.ConsegnaRelazioneButtonMessage to MOD
[06Nov2025 23:44:57.967] [modloading-worker-0/DEBUG] [net.minecraftforge.fml.javafmlmod.AutomaticEventSubscriber/LOADING]: Auto-subscribing net.mcreator.cum.network.DerivazioneGUIButtonMessage to MOD
[06Nov2025 23:44:57.970] [modloading-worker-0/DEBUG] [net.minecraftforge.fml.javafmlmod.AutomaticEventSubscriber/LOADING]: Auto-subscribing net.mcreator.cum.network.FrigoGUIButtonMessage to MOD
[06Nov2025 23:44:57.972] [modloading-worker-0/DEBUG] [net.minecraftforge.fml.javafmlmod.AutomaticEventSubscriber/LOADING]: Auto-subscribing net.mcreator.cum.network.GeneratoreGuiButtonMessage to MOD
[06Nov2025 23:44:57.977] [modloading-worker-0/DEBUG] [net.minecraftforge.fml.javafmlmod.AutomaticEventSubscriber/LOADING]: Auto-subscribing net.mcreator.cum.network.ImpalatoreGUIButtonMessage to MOD
[06Nov2025 23:44:57.982] [modloading-worker-0/DEBUG] [net.minecraftforge.fml.javafmlmod.AutomaticEventSubscriber/LOADING]: Auto-subscribing net.mcreator.cum.network.IntegrazioneGUIButtonMessage to MOD
[06Nov2025 23:44:57.986] [modloading-worker-0/DEBUG] [net.minecraftforge.fml.javafmlmod.AutomaticEventSubscriber/LOADING]: Auto-subscribing net.mcreator.cum.network.MacchinaDelTempoGUIButtonMessage to MOD
[06Nov2025 23:44:57.988] [modloading-worker-0/DEBUG] [net.minecraftforge.fml.javafmlmod.AutomaticEventSubscriber/LOADING]: Auto-subscribing net.mcreator.cum.network.MAPSButtonMessage to MOD
[06Nov2025 23:44:57.993] [modloading-worker-0/DEBUG] [net.minecraftforge.fml.javafmlmod.AutomaticEventSubscriber/LOADING]: Auto-subscribing net.mcreator.cum.network.MicropipettaGUIButtonMessage to MOD
[06Nov2025 23:44:57.997] [modloading-worker-0/DEBUG] [net.minecraftforge.fml.javafmlmod.AutomaticEventSubscriber/LOADING]: Auto-subscribing net.mcreator.cum.network.PCraftButtonMessage to MOD
[06Nov2025 23:44:58.000] [modloading-worker-0/DEBUG] [net.minecraftforge.fml.javafmlmod.AutomaticEventSubscriber/LOADING]: Auto-subscribing net.mcreator.cum.network.PVZshopButtonMessage to MOD
[06Nov2025 23:44:58.004] [modloading-worker-0/DEBUG] [net.minecraftforge.fml.javafmlmod.AutomaticEventSubscriber/LOADING]: Auto-subscribing net.mcreator.cum.network.ScommessaButtonMessage to MOD
[06Nov2025 23:44:58.006] [modloading-worker-0/DEBUG] [net.minecraftforge.fml.javafmlmod.AutomaticEventSubscriber/LOADING]: Auto-subscribing net.mcreator.cum.network.SecondafunzioneintegrazioneGUIButtonMessage to MOD
[06Nov2025 23:44:58.011] [modloading-worker-0/DEBUG] [net.minecraftforge.fml.javafmlmod.AutomaticEventSubscriber/LOADING]: Auto-subscribing net.mcreator.cum.procedures.MattiaPascalPlaybackConditionProcedure to FORGE
[06Nov2025 23:44:58.013] [modloading-worker-0/DEBUG] [net.minecraftforge.fml.javafmlmod.AutomaticEventSubscriber/LOADING]: Auto-subscribing net.mcreator.cum.procedures.OliviaplaybackconditionProcedure to FORGE
[06Nov2025 23:44:58.015] [modloading-worker-0/DEBUG] [net.minecraftforge.fml.javafmlmod.AutomaticEventSubscriber/LOADING]: Auto-subscribing net.mcreator.cum.procedures.StaminaUltrakillanteProcedure to FORGE
[06Nov2025 23:44:58.020] [modloading-worker-0/DEBUG] [net.minecraftforge.fml.javafmlmod.AutomaticEventSubscriber/LOADING]: Auto-subscribing net.mcreator.cum.recipes.brewing.RecIndicaBrewingRecipe to MOD
[06Nov2025 23:44:58.025] [modloading-worker-0/DEBUG] [net.minecraftforge.fml.javafmlmod.AutomaticEventSubscriber/LOADING]: Auto-subscribing net.mcreator.cum.recipes.brewing.RecPozioneGodevoleBrewingRecipe to MOD
[06Nov2025 23:44:58.028] [modloading-worker-0/DEBUG] [net.minecraftforge.fml.javafmlmod.AutomaticEventSubscriber/LOADING]: Auto-subscribing net.mcreator.cum.recipes.brewing.RecPozioneMarcescenteBrewingRecipe to MOD
[06Nov2025 23:44:58.030] [modloading-worker-0/DEBUG] [net.minecraftforge.fml.javafmlmod.AutomaticEventSubscriber/LOADING]: Auto-subscribing net.mcreator.cum.recipes.brewing.RecPozioneNonGodevoleBrewingRecipe to MOD
[06Nov2025 23:44:58.034] [modloading-worker-0/DEBUG] [net.minecraftforge.fml.javafmlmod.AutomaticEventSubscriber/LOADING]: Auto-subscribing net.mcreator.cum.world.dimension.DimensioneBalatranteDimension$DimensioneBalatranteSpecialEffectsHandler to MOD
[06Nov2025 23:44:58.042] [modloading-worker-0/DEBUG] [net.minecraftforge.fml.javafmlmod.AutomaticEventSubscriber/LOADING]: Auto-subscribing net.mcreator.cum.world.dimension.DimensioneBalatranteDimension to FORGE
[06Nov2025 23:44:58.044] [modloading-worker-0/DEBUG] [net.minecraftforge.fml.javafmlmod.AutomaticEventSubscriber/LOADING]: Auto-subscribing net.mcreator.cum.world.dimension.DimensioneDerivataDimension$DimensioneDerivataSpecialEffectsHandler to MOD
[06Nov2025 23:44:58.049] [modloading-worker-0/DEBUG] [net.minecraftforge.fml.javafmlmod.AutomaticEventSubscriber/LOADING]: Auto-subscribing net.mcreator.cum.world.dimension.DimensioneDerivataDimension to FORGE
[06Nov2025 23:44:58.049] [modloading-worker-0/DEBUG] [net.minecraftforge.fml.javafmlmod.AutomaticEventSubscriber/LOADING]: Auto-subscribing net.mcreator.cum.world.dimension.DimensionePericolanteDimension$DimensionePericolanteSpecialEffectsHandler to MOD
[06Nov2025 23:44:58.055] [modloading-worker-0/DEBUG] [net.minecraftforge.fml.javafmlmod.AutomaticEventSubscriber/LOADING]: Auto-subscribing net.mcreator.cum.world.dimension.DimensionePericolanteDimension to FORGE
[06Nov2025 23:44:58.055] [modloading-worker-0/DEBUG] [net.minecraftforge.fml.javafmlmod.AutomaticEventSubscriber/LOADING]: Auto-subscribing net.mcreator.cum.world.dimension.DimensionePericolanteNegativaDimension$DimensionePericolanteNegativaSpecialEffectsHandler to MOD
[06Nov2025 23:44:58.059] [modloading-worker-0/DEBUG] [net.minecraftforge.fml.javafmlmod.AutomaticEventSubscriber/LOADING]: Auto-subscribing net.mcreator.cum.world.dimension.DimensionePericolanteNegativaDimension to FORGE
[06Nov2025 23:44:58.060] [modloading-worker-0/DEBUG] [net.minecraftforge.fml.javafmlmod.AutomaticEventSubscriber/LOADING]: Auto-subscribing net.mcreator.cum.world.dimension.DimensionePrimitivaDimension$DimensionePrimitivaSpecialEffectsHandler to MOD
[06Nov2025 23:44:58.065] [modloading-worker-0/DEBUG] [net.minecraftforge.fml.javafmlmod.AutomaticEventSubscriber/LOADING]: Auto-subscribing net.mcreator.cum.world.dimension.DimensionePrimitivaDimension to FORGE
[06Nov2025 23:44:58.067] [modloading-worker-0/DEBUG] [net.minecraftforge.fml.javafmlmod.AutomaticEventSubscriber/LOADING]: Auto-subscribing net.mcreator.cum.world.dimension.DimensioneSullaSicurezzaDimension$DimensioneSullaSicurezzaSpecialEffectsHandler to MOD
[06Nov2025 23:44:58.071] [modloading-worker-0/DEBUG] [net.minecraftforge.fml.javafmlmod.AutomaticEventSubscriber/LOADING]: Auto-subscribing net.mcreator.cum.world.dimension.DimensioneSullaSicurezzaDimension to FORGE
[06Nov2025 23:44:58.073] [modloading-worker-0/DEBUG] [net.minecraftforge.fml.javafmlmod.AutomaticEventSubscriber/LOADING]: Auto-subscribing net.mcreator.cum.world.features.treedecorators.BiomaBalatranteFruitDecorator to MOD
[06Nov2025 23:44:58.078] [modloading-worker-0/DEBUG] [net.minecraftforge.fml.javafmlmod.AutomaticEventSubscriber/LOADING]: Auto-subscribing net.mcreator.cum.world.features.treedecorators.BiomaBalatranteLeaveDecorator to MOD
[06Nov2025 23:44:58.083] [modloading-worker-0/DEBUG] [net.minecraftforge.fml.javafmlmod.AutomaticEventSubscriber/LOADING]: Auto-subscribing net.mcreator.cum.world.features.treedecorators.BiomaBalatranteTrunkDecorator to MOD
[06Nov2025 23:44:58.088] [modloading-worker-0/DEBUG] [net.minecraftforge.fml.javafmlmod.AutomaticEventSubscriber/LOADING]: Auto-subscribing net.mcreator.cum.world.teleporter.DimensionePericolanteNegativaTeleporter to MOD
[06Nov2025 23:44:58.102] [modloading-worker-0/DEBUG] [net.minecraftforge.fml.javafmlmod.AutomaticEventSubscriber/LOADING]: Auto-subscribing net.mcreator.cum.world.teleporter.DimensionePericolanteTeleporter to MOD
[06Nov2025 23:44:58.107] [modloading-worker-0/DEBUG] [net.minecraftforge.fml.javafmlmod.AutomaticEventSubscriber/LOADING]: Auto-subscribing net.mcreator.cum.world.teleporter.DimensioneSullaSicurezzaTeleporter to MOD
[06Nov2025 23:44:58.176] [Render thread/DEBUG] [net.minecraftforge.registries.ObjectHolderRegistry/REGISTRIES]: Processing ObjectHolder annotations
[06Nov2025 23:44:58.229] [Render thread/DEBUG] [net.minecraftforge.registries.ObjectHolderRegistry/REGISTRIES]: Found 4396 ObjectHolder annotations
[06Nov2025 23:44:58.249] [Render thread/DEBUG] [net.minecraftforge.common.capabilities.CapabilityManager/CAPABILITIES]: Attempting to automatically register: Lnet/minecraftforge/energy/IEnergyStorage;
[06Nov2025 23:44:58.251] [Render thread/DEBUG] [net.minecraftforge.common.capabilities.CapabilityManager/CAPABILITIES]: Attempting to automatically register: Lnet/minecraftforge/fluids/capability/IFluidHandler;
[06Nov2025 23:44:58.252] [Render thread/DEBUG] [net.minecraftforge.common.capabilities.CapabilityManager/CAPABILITIES]: Attempting to automatically register: Lnet/minecraftforge/fluids/capability/IFluidHandlerItem;
[06Nov2025 23:44:58.252] [Render thread/DEBUG] [net.minecraftforge.common.capabilities.CapabilityManager/CAPABILITIES]: Attempting to automatically register: Lnet/minecraftforge/items/IItemHandler;
[06Nov2025 23:44:58.260] [Render thread/DEBUG] [net.minecraftforge.registries.GameData/REGISTRIES]: Unfreezing vanilla registries
[06Nov2025 23:44:58.344] [Render thread/DEBUG] [net.minecraftforge.registries.GameData/REGISTRIES]: Applying holder lookups: minecraft:sound_event
[06Nov2025 23:44:58.365] [Render thread/DEBUG] [net.minecraftforge.registries.GameData/REGISTRIES]: Holder lookups applied: minecraft:sound_event
[06Nov2025 23:44:58.565] [Render thread/DEBUG] [net.minecraftforge.registries.GameData/REGISTRIES]: Applying holder lookups: minecraft:fluid
[06Nov2025 23:44:58.570] [Render thread/DEBUG] [net.minecraftforge.registries.GameData/REGISTRIES]: Holder lookups applied: minecraft:fluid
[06Nov2025 23:44:58.990] [Render thread/DEBUG] [net.minecraftforge.registries.GameData/REGISTRIES]: Applying holder lookups: minecraft:block
[06Nov2025 23:44:58.994] [Render thread/DEBUG] [net.minecraftforge.registries.GameData/REGISTRIES]: Holder lookups applied: minecraft:block
[06Nov2025 23:44:58.994] [Render thread/DEBUG] [net.minecraftforge.registries.GameData/REGISTRIES]: Applying holder lookups: minecraft:attribute
[06Nov2025 23:44:58.995] [Render thread/DEBUG] [net.minecraftforge.registries.GameData/REGISTRIES]: Holder lookups applied: minecraft:attribute
[06Nov2025 23:44:59.000] [Render thread/DEBUG] [net.minecraftforge.registries.GameData/REGISTRIES]: Applying holder lookups: minecraft:mob_effect
[06Nov2025 23:44:59.001] [Render thread/DEBUG] [net.minecraftforge.registries.GameData/REGISTRIES]: Holder lookups applied: minecraft:mob_effect
[06Nov2025 23:44:59.001] [Render thread/DEBUG] [net.minecraftforge.registries.GameData/REGISTRIES]: Applying holder lookups: minecraft:particle_type
[06Nov2025 23:44:59.002] [Render thread/DEBUG] [net.minecraftforge.registries.GameData/REGISTRIES]: Holder lookups applied: minecraft:particle_type
[06Nov2025 23:44:59.294] [Render thread/DEBUG] [net.minecraftforge.registries.GameData/REGISTRIES]: Applying holder lookups: minecraft:item
[06Nov2025 23:44:59.297] [Render thread/DEBUG] [net.minecraftforge.registries.GameData/REGISTRIES]: Holder lookups applied: minecraft:item
[06Nov2025 23:44:59.300] [Render thread/DEBUG] [net.minecraftforge.registries.GameData/REGISTRIES]: Applying holder lookups: minecraft:entity_type
[06Nov2025 23:44:59.302] [Render thread/DEBUG] [net.minecraftforge.registries.GameData/REGISTRIES]: Holder lookups applied: minecraft:entity_type
[06Nov2025 23:44:59.302] [Render thread/DEBUG] [net.minecraftforge.registries.GameData/REGISTRIES]: Applying holder lookups: minecraft:sensor_type
[06Nov2025 23:44:59.303] [Render thread/DEBUG] [net.minecraftforge.registries.GameData/REGISTRIES]: Holder lookups applied: minecraft:sensor_type
[06Nov2025 23:44:59.304] [Render thread/DEBUG] [net.minecraftforge.registries.GameData/REGISTRIES]: Applying holder lookups: minecraft:memory_module_type
[06Nov2025 23:44:59.304] [Render thread/DEBUG] [net.minecraftforge.registries.GameData/REGISTRIES]: Holder lookups applied: minecraft:memory_module_type
[06Nov2025 23:44:59.325] [Render thread/DEBUG] [net.minecraftforge.registries.GameData/REGISTRIES]: Applying holder lookups: minecraft:potion
[06Nov2025 23:44:59.328] [Render thread/DEBUG] [net.minecraftforge.registries.GameData/REGISTRIES]: Holder lookups applied: minecraft:potion
[06Nov2025 23:44:59.328] [Render thread/DEBUG] [net.minecraftforge.registries.GameData/REGISTRIES]: Applying holder lookups: minecraft:game_event
[06Nov2025 23:44:59.329] [Render thread/DEBUG] [net.minecraftforge.registries.GameData/REGISTRIES]: Holder lookups applied: minecraft:game_event
[06Nov2025 23:44:59.338] [Render thread/DEBUG] [net.minecraftforge.registries.GameData/REGISTRIES]: Applying holder lookups: minecraft:enchantment
[06Nov2025 23:44:59.339] [Render thread/DEBUG] [net.minecraftforge.registries.GameData/REGISTRIES]: Holder lookups applied: minecraft:enchantment
[06Nov2025 23:44:59.340] [Render thread/DEBUG] [net.minecraftforge.registries.GameData/REGISTRIES]: Applying holder lookups: minecraft:block_entity_type
[06Nov2025 23:44:59.340] [Render thread/DEBUG] [net.minecraftforge.registries.GameData/REGISTRIES]: Holder lookups applied: minecraft:block_entity_type
[06Nov2025 23:44:59.342] [Render thread/DEBUG] [net.minecraftforge.registries.GameData/REGISTRIES]: Applying holder lookups: minecraft:painting_variant
[06Nov2025 23:44:59.343] [Render thread/DEBUG] [net.minecraftforge.registries.GameData/REGISTRIES]: Holder lookups applied: minecraft:painting_variant
[06Nov2025 23:44:59.343] [Render thread/DEBUG] [net.minecraftforge.registries.GameData/REGISTRIES]: Applying holder lookups: minecraft:stat_type
[06Nov2025 23:44:59.344] [Render thread/DEBUG] [net.minecraftforge.registries.GameData/REGISTRIES]: Holder lookups applied: minecraft:stat_type
[06Nov2025 23:44:59.344] [Render thread/DEBUG] [net.minecraftforge.registries.GameData/REGISTRIES]: Applying holder lookups: minecraft:custom_stat
[06Nov2025 23:44:59.344] [Render thread/DEBUG] [net.minecraftforge.registries.GameData/REGISTRIES]: Holder lookups applied: minecraft:custom_stat
[06Nov2025 23:44:59.345] [Render thread/DEBUG] [net.minecraftforge.registries.GameData/REGISTRIES]: Applying holder lookups: minecraft:chunk_status
[06Nov2025 23:44:59.345] [Render thread/DEBUG] [net.minecraftforge.registries.GameData/REGISTRIES]: Holder lookups applied: minecraft:chunk_status
[06Nov2025 23:44:59.345] [Render thread/DEBUG] [net.minecraftforge.registries.GameData/REGISTRIES]: Applying holder lookups: minecraft:rule_test
[06Nov2025 23:44:59.345] [Render thread/DEBUG] [net.minecraftforge.registries.GameData/REGISTRIES]: Holder lookups applied: minecraft:rule_test
[06Nov2025 23:44:59.345] [Render thread/DEBUG] [net.minecraftforge.registries.GameData/REGISTRIES]: Applying holder lookups: minecraft:rule_block_entity_modifier
[06Nov2025 23:44:59.346] [Render thread/DEBUG] [net.minecraftforge.registries.GameData/REGISTRIES]: Holder lookups applied: minecraft:rule_block_entity_modifier
[06Nov2025 23:44:59.346] [Render thread/DEBUG] [net.minecraftforge.registries.GameData/REGISTRIES]: Applying holder lookups: minecraft:pos_rule_test
[06Nov2025 23:44:59.346] [Render thread/DEBUG] [net.minecraftforge.registries.GameData/REGISTRIES]: Holder lookups applied: minecraft:pos_rule_test
[06Nov2025 23:44:59.547] [Render thread/DEBUG] [net.minecraftforge.registries.GameData/REGISTRIES]: Applying holder lookups: minecraft:menu
[06Nov2025 23:44:59.550] [Render thread/DEBUG] [net.minecraftforge.registries.GameData/REGISTRIES]: Holder lookups applied: minecraft:menu
[06Nov2025 23:44:59.550] [Render thread/DEBUG] [net.minecraftforge.registries.GameData/REGISTRIES]: Applying holder lookups: minecraft:recipe_type
[06Nov2025 23:44:59.551] [Render thread/DEBUG] [net.minecraftforge.registries.GameData/REGISTRIES]: Holder lookups applied: minecraft:recipe_type
[06Nov2025 23:44:59.629] [Render thread/DEBUG] [net.minecraftforge.registries.GameData/REGISTRIES]: Applying holder lookups: minecraft:recipe_serializer
[06Nov2025 23:44:59.630] [Render thread/DEBUG] [net.minecraftforge.registries.GameData/REGISTRIES]: Holder lookups applied: minecraft:recipe_serializer
[06Nov2025 23:44:59.631] [Render thread/DEBUG] [net.minecraftforge.registries.GameData/REGISTRIES]: Applying holder lookups: minecraft:position_source_type
[06Nov2025 23:44:59.632] [Render thread/DEBUG] [net.minecraftforge.registries.GameData/REGISTRIES]: Holder lookups applied: minecraft:position_source_type
[06Nov2025 23:44:59.640] [Render thread/DEBUG] [net.minecraftforge.registries.GameData/REGISTRIES]: Applying holder lookups: minecraft:command_argument_type
[06Nov2025 23:44:59.641] [Render thread/DEBUG] [net.minecraftforge.registries.GameData/REGISTRIES]: Holder lookups applied: minecraft:command_argument_type
[06Nov2025 23:44:59.642] [Render thread/DEBUG] [net.minecraftforge.registries.GameData/REGISTRIES]: Applying holder lookups: minecraft:villager_type
[06Nov2025 23:44:59.642] [Render thread/DEBUG] [net.minecraftforge.registries.GameData/REGISTRIES]: Holder lookups applied: minecraft:villager_type
[06Nov2025 23:44:59.643] [Render thread/DEBUG] [net.minecraftforge.registries.GameData/REGISTRIES]: Applying holder lookups: minecraft:villager_profession
[06Nov2025 23:44:59.644] [Render thread/DEBUG] [net.minecraftforge.registries.GameData/REGISTRIES]: Holder lookups applied: minecraft:villager_profession
[06Nov2025 23:44:59.649] [Render thread/DEBUG] [net.minecraftforge.registries.GameData/REGISTRIES]: Applying holder lookups: minecraft:point_of_interest_type
[06Nov2025 23:44:59.650] [Render thread/DEBUG] [net.minecraftforge.registries.GameData/REGISTRIES]: Holder lookups applied: minecraft:point_of_interest_type
[06Nov2025 23:44:59.650] [Render thread/DEBUG] [net.minecraftforge.registries.GameData/REGISTRIES]: Applying holder lookups: minecraft:schedule
[06Nov2025 23:44:59.651] [Render thread/DEBUG] [net.minecraftforge.registries.GameData/REGISTRIES]: Holder lookups applied: minecraft:schedule
[06Nov2025 23:44:59.651] [Render thread/DEBUG] [net.minecraftforge.registries.GameData/REGISTRIES]: Applying holder lookups: minecraft:activity
[06Nov2025 23:44:59.652] [Render thread/DEBUG] [net.minecraftforge.registries.GameData/REGISTRIES]: Holder lookups applied: minecraft:activity
[06Nov2025 23:44:59.652] [Render thread/DEBUG] [net.minecraftforge.registries.GameData/REGISTRIES]: Applying holder lookups: minecraft:loot_pool_entry_type
[06Nov2025 23:44:59.653] [Render thread/DEBUG] [net.minecraftforge.registries.GameData/REGISTRIES]: Holder lookups applied: minecraft:loot_pool_entry_type
[06Nov2025 23:44:59.653] [Render thread/DEBUG] [net.minecraftforge.registries.GameData/REGISTRIES]: Applying holder lookups: minecraft:loot_function_type
[06Nov2025 23:44:59.654] [Render thread/DEBUG] [net.minecraftforge.registries.GameData/REGISTRIES]: Holder lookups applied: minecraft:loot_function_type
[06Nov2025 23:44:59.666] [Render thread/DEBUG] [net.minecraftforge.registries.GameData/REGISTRIES]: Applying holder lookups: minecraft:loot_condition_type
[06Nov2025 23:44:59.668] [Render thread/DEBUG] [net.minecraftforge.registries.GameData/REGISTRIES]: Holder lookups applied: minecraft:loot_condition_type
[06Nov2025 23:44:59.668] [Render thread/DEBUG] [net.minecraftforge.registries.GameData/REGISTRIES]: Applying holder lookups: minecraft:loot_number_provider_type
[06Nov2025 23:44:59.669] [Render thread/DEBUG] [net.minecraftforge.registries.GameData/REGISTRIES]: Holder lookups applied: minecraft:loot_number_provider_type
[06Nov2025 23:44:59.670] [Render thread/DEBUG] [net.minecraftforge.registries.GameData/REGISTRIES]: Applying holder lookups: minecraft:loot_nbt_provider_type
[06Nov2025 23:44:59.670] [Render thread/DEBUG] [net.minecraftforge.registries.GameData/REGISTRIES]: Holder lookups applied: minecraft:loot_nbt_provider_type
[06Nov2025 23:44:59.672] [Render thread/DEBUG] [net.minecraftforge.registries.GameData/REGISTRIES]: Applying holder lookups: minecraft:loot_score_provider_type
[06Nov2025 23:44:59.673] [Render thread/DEBUG] [net.minecraftforge.registries.GameData/REGISTRIES]: Holder lookups applied: minecraft:loot_score_provider_type
[06Nov2025 23:44:59.674] [Render thread/DEBUG] [net.minecraftforge.registries.GameData/REGISTRIES]: Applying holder lookups: minecraft:float_provider_type
[06Nov2025 23:44:59.674] [Render thread/DEBUG] [net.minecraftforge.registries.GameData/REGISTRIES]: Holder lookups applied: minecraft:float_provider_type
[06Nov2025 23:44:59.675] [Render thread/DEBUG] [net.minecraftforge.registries.GameData/REGISTRIES]: Applying holder lookups: minecraft:int_provider_type
[06Nov2025 23:44:59.675] [Render thread/DEBUG] [net.minecraftforge.registries.GameData/REGISTRIES]: Holder lookups applied: minecraft:int_provider_type
[06Nov2025 23:44:59.677] [Render thread/DEBUG] [net.minecraftforge.registries.GameData/REGISTRIES]: Applying holder lookups: minecraft:height_provider_type
[06Nov2025 23:44:59.678] [Render thread/DEBUG] [net.minecraftforge.registries.GameData/REGISTRIES]: Holder lookups applied: minecraft:height_provider_type
[06Nov2025 23:44:59.678] [Render thread/DEBUG] [net.minecraftforge.registries.GameData/REGISTRIES]: Applying holder lookups: minecraft:block_predicate_type
[06Nov2025 23:44:59.679] [Render thread/DEBUG] [net.minecraftforge.registries.GameData/REGISTRIES]: Holder lookups applied: minecraft:block_predicate_type
[06Nov2025 23:44:59.679] [Render thread/DEBUG] [net.minecraftforge.registries.GameData/REGISTRIES]: Applying holder lookups: minecraft:worldgen/carver
[06Nov2025 23:44:59.680] [Render thread/DEBUG] [net.minecraftforge.registries.GameData/REGISTRIES]: Holder lookups applied: minecraft:worldgen/carver
[06Nov2025 23:44:59.680] [Render thread/DEBUG] [net.minecraftforge.registries.GameData/REGISTRIES]: Applying holder lookups: minecraft:worldgen/feature
[06Nov2025 23:44:59.681] [Render thread/DEBUG] [net.minecraftforge.registries.GameData/REGISTRIES]: Holder lookups applied: minecraft:worldgen/feature
[06Nov2025 23:44:59.681] [Render thread/DEBUG] [net.minecraftforge.registries.GameData/REGISTRIES]: Applying holder lookups: minecraft:worldgen/structure_processor
[06Nov2025 23:44:59.682] [Render thread/DEBUG] [net.minecraftforge.registries.GameData/REGISTRIES]: Holder lookups applied: minecraft:worldgen/structure_processor
[06Nov2025 23:44:59.682] [Render thread/DEBUG] [net.minecraftforge.registries.GameData/REGISTRIES]: Applying holder lookups: minecraft:worldgen/structure_placement
[06Nov2025 23:44:59.682] [Render thread/DEBUG] [net.minecraftforge.registries.GameData/REGISTRIES]: Holder lookups applied: minecraft:worldgen/structure_placement
[06Nov2025 23:44:59.683] [Render thread/DEBUG] [net.minecraftforge.registries.GameData/REGISTRIES]: Applying holder lookups: minecraft:worldgen/structure_piece
[06Nov2025 23:44:59.683] [Render thread/DEBUG] [net.minecraftforge.registries.GameData/REGISTRIES]: Holder lookups applied: minecraft:worldgen/structure_piece
[06Nov2025 23:44:59.684] [Render thread/DEBUG] [net.minecraftforge.registries.GameData/REGISTRIES]: Applying holder lookups: minecraft:worldgen/structure_type
[06Nov2025 23:44:59.687] [Render thread/DEBUG] [net.minecraftforge.registries.GameData/REGISTRIES]: Holder lookups applied: minecraft:worldgen/structure_type
[06Nov2025 23:44:59.687] [Render thread/DEBUG] [net.minecraftforge.registries.GameData/REGISTRIES]: Applying holder lookups: minecraft:worldgen/placement_modifier_type
[06Nov2025 23:44:59.688] [Render thread/DEBUG] [net.minecraftforge.registries.GameData/REGISTRIES]: Holder lookups applied: minecraft:worldgen/placement_modifier_type
[06Nov2025 23:44:59.688] [Render thread/DEBUG] [net.minecraftforge.registries.GameData/REGISTRIES]: Applying holder lookups: minecraft:worldgen/block_state_provider_type
[06Nov2025 23:44:59.689] [Render thread/DEBUG] [net.minecraftforge.registries.GameData/REGISTRIES]: Holder lookups applied: minecraft:worldgen/block_state_provider_type
[06Nov2025 23:44:59.689] [Render thread/DEBUG] [net.minecraftforge.registries.GameData/REGISTRIES]: Applying holder lookups: minecraft:worldgen/foliage_placer_type
[06Nov2025 23:44:59.690] [Render thread/DEBUG] [net.minecraftforge.registries.GameData/REGISTRIES]: Holder lookups applied: minecraft:worldgen/foliage_placer_type
[06Nov2025 23:44:59.690] [Render thread/DEBUG] [net.minecraftforge.registries.GameData/REGISTRIES]: Applying holder lookups: minecraft:worldgen/trunk_placer_type
[06Nov2025 23:44:59.692] [Render thread/DEBUG] [net.minecraftforge.registries.GameData/REGISTRIES]: Holder lookups applied: minecraft:worldgen/trunk_placer_type
[06Nov2025 23:44:59.693] [Render thread/DEBUG] [net.minecraftforge.registries.GameData/REGISTRIES]: Applying holder lookups: minecraft:worldgen/root_placer_type
[06Nov2025 23:44:59.695] [Render thread/DEBUG] [net.minecraftforge.registries.GameData/REGISTRIES]: Holder lookups applied: minecraft:worldgen/root_placer_type
[06Nov2025 23:44:59.697] [Render thread/DEBUG] [net.minecraftforge.registries.GameData/REGISTRIES]: Applying holder lookups: minecraft:worldgen/tree_decorator_type
[06Nov2025 23:44:59.699] [Render thread/DEBUG] [net.minecraftforge.registries.GameData/REGISTRIES]: Holder lookups applied: minecraft:worldgen/tree_decorator_type
[06Nov2025 23:44:59.699] [Render thread/DEBUG] [net.minecraftforge.registries.GameData/REGISTRIES]: Applying holder lookups: minecraft:worldgen/feature_size_type
[06Nov2025 23:44:59.700] [Render thread/DEBUG] [net.minecraftforge.registries.GameData/REGISTRIES]: Holder lookups applied: minecraft:worldgen/feature_size_type
[06Nov2025 23:44:59.700] [Render thread/DEBUG] [net.minecraftforge.registries.GameData/REGISTRIES]: Applying holder lookups: minecraft:worldgen/biome_source
[06Nov2025 23:44:59.701] [Render thread/DEBUG] [net.minecraftforge.registries.GameData/REGISTRIES]: Holder lookups applied: minecraft:worldgen/biome_source
[06Nov2025 23:44:59.702] [Render thread/DEBUG] [net.minecraftforge.registries.GameData/REGISTRIES]: Applying holder lookups: minecraft:worldgen/chunk_generator
[06Nov2025 23:44:59.702] [Render thread/DEBUG] [net.minecraftforge.registries.GameData/REGISTRIES]: Holder lookups applied: minecraft:worldgen/chunk_generator
[06Nov2025 23:44:59.703] [Render thread/DEBUG] [net.minecraftforge.registries.GameData/REGISTRIES]: Applying holder lookups: minecraft:worldgen/material_condition
[06Nov2025 23:44:59.703] [Render thread/DEBUG] [net.minecraftforge.registries.GameData/REGISTRIES]: Holder lookups applied: minecraft:worldgen/material_condition
[06Nov2025 23:44:59.703] [Render thread/DEBUG] [net.minecraftforge.registries.GameData/REGISTRIES]: Applying holder lookups: minecraft:worldgen/material_rule
[06Nov2025 23:44:59.704] [Render thread/DEBUG] [net.minecraftforge.registries.GameData/REGISTRIES]: Holder lookups applied: minecraft:worldgen/material_rule
[06Nov2025 23:44:59.705] [Render thread/DEBUG] [net.minecraftforge.registries.GameData/REGISTRIES]: Applying holder lookups: minecraft:worldgen/density_function_type
[06Nov2025 23:44:59.706] [Render thread/DEBUG] [net.minecraftforge.registries.GameData/REGISTRIES]: Holder lookups applied: minecraft:worldgen/density_function_type
[06Nov2025 23:44:59.707] [Render thread/DEBUG] [net.minecraftforge.registries.GameData/REGISTRIES]: Applying holder lookups: minecraft:worldgen/structure_pool_element
[06Nov2025 23:44:59.707] [Render thread/DEBUG] [net.minecraftforge.registries.GameData/REGISTRIES]: Holder lookups applied: minecraft:worldgen/structure_pool_element
[06Nov2025 23:44:59.707] [Render thread/DEBUG] [net.minecraftforge.registries.GameData/REGISTRIES]: Applying holder lookups: minecraft:cat_variant
[06Nov2025 23:44:59.707] [Render thread/DEBUG] [net.minecraftforge.registries.GameData/REGISTRIES]: Holder lookups applied: minecraft:cat_variant
[06Nov2025 23:44:59.710] [Render thread/DEBUG] [net.minecraftforge.registries.GameData/REGISTRIES]: Applying holder lookups: minecraft:frog_variant
[06Nov2025 23:44:59.712] [Render thread/DEBUG] [net.minecraftforge.registries.GameData/REGISTRIES]: Holder lookups applied: minecraft:frog_variant
[06Nov2025 23:44:59.712] [Render thread/DEBUG] [net.minecraftforge.registries.GameData/REGISTRIES]: Applying holder lookups: minecraft:banner_pattern
[06Nov2025 23:44:59.713] [Render thread/DEBUG] [net.minecraftforge.registries.GameData/REGISTRIES]: Holder lookups applied: minecraft:banner_pattern
[06Nov2025 23:44:59.713] [Render thread/DEBUG] [net.minecraftforge.registries.GameData/REGISTRIES]: Applying holder lookups: minecraft:instrument
[06Nov2025 23:44:59.717] [Render thread/DEBUG] [net.minecraftforge.registries.GameData/REGISTRIES]: Holder lookups applied: minecraft:instrument
[06Nov2025 23:44:59.718] [Render thread/DEBUG] [net.minecraftforge.registries.GameData/REGISTRIES]: Applying holder lookups: minecraft:decorated_pot_patterns
[06Nov2025 23:44:59.719] [Render thread/DEBUG] [net.minecraftforge.registries.GameData/REGISTRIES]: Holder lookups applied: minecraft:decorated_pot_patterns
[06Nov2025 23:44:59.743] [Render thread/DEBUG] [net.minecraftforge.registries.GameData/REGISTRIES]: Applying holder lookups: minecraft:creative_mode_tab
[06Nov2025 23:44:59.745] [Render thread/DEBUG] [net.minecraftforge.registries.GameData/REGISTRIES]: Holder lookups applied: minecraft:creative_mode_tab
[06Nov2025 23:44:59.780] [Render thread/DEBUG] [net.minecraftforge.registries.GameData/REGISTRIES]: Applying holder lookups: forge:biome_modifier_serializers
[06Nov2025 23:44:59.782] [Render thread/DEBUG] [net.minecraftforge.registries.GameData/REGISTRIES]: Holder lookups applied: forge:biome_modifier_serializers
[06Nov2025 23:44:59.785] [Render thread/DEBUG] [net.minecraftforge.registries.GameData/REGISTRIES]: Applying holder lookups: forge:display_contexts
[06Nov2025 23:44:59.786] [Render thread/DEBUG] [net.minecraftforge.registries.GameData/REGISTRIES]: Holder lookups applied: forge:display_contexts
[06Nov2025 23:44:59.786] [Render thread/DEBUG] [net.minecraftforge.registries.GameData/REGISTRIES]: Applying holder lookups: forge:entity_data_serializers
[06Nov2025 23:44:59.788] [Render thread/DEBUG] [net.minecraftforge.registries.GameData/REGISTRIES]: Holder lookups applied: forge:entity_data_serializers
[06Nov2025 23:44:59.840] [Render thread/DEBUG] [net.minecraftforge.registries.GameData/REGISTRIES]: Applying holder lookups: forge:fluid_type
[06Nov2025 23:44:59.841] [Render thread/DEBUG] [net.minecraftforge.registries.GameData/REGISTRIES]: Holder lookups applied: forge:fluid_type
[06Nov2025 23:44:59.842] [Render thread/DEBUG] [net.minecraftforge.registries.GameData/REGISTRIES]: Applying holder lookups: forge:global_loot_modifier_serializers
[06Nov2025 23:44:59.844] [Render thread/DEBUG] [net.minecraftforge.registries.GameData/REGISTRIES]: Holder lookups applied: forge:global_loot_modifier_serializers
[06Nov2025 23:44:59.928] [Render thread/DEBUG] [net.minecraftforge.registries.GameData/REGISTRIES]: Applying holder lookups: forge:holder_set_type
[06Nov2025 23:44:59.929] [Render thread/DEBUG] [net.minecraftforge.registries.GameData/REGISTRIES]: Holder lookups applied: forge:holder_set_type
[06Nov2025 23:44:59.931] [Render thread/DEBUG] [net.minecraftforge.registries.GameData/REGISTRIES]: Applying holder lookups: forge:structure_modifier_serializers
[06Nov2025 23:44:59.932] [Render thread/DEBUG] [net.minecraftforge.registries.GameData/REGISTRIES]: Holder lookups applied: forge:structure_modifier_serializers
[06Nov2025 23:44:59.932] [Render thread/DEBUG] [net.minecraftforge.registries.GameData/REGISTRIES]: Applying holder lookups: minecraft:worldgen/biome
[06Nov2025 23:44:59.933] [Render thread/DEBUG] [net.minecraftforge.registries.GameData/REGISTRIES]: Holder lookups applied: minecraft:worldgen/biome
[06Nov2025 23:45:00.750] [Render thread/DEBUG] [net.minecraftforge.client.loading.ClientModLoader/CORE]: Generating PackInfo named mod:forge for mod file /
[06Nov2025 23:45:00.757] [Render thread/DEBUG] [net.minecraftforge.client.loading.ClientModLoader/CORE]: Generating PackInfo named mod:cum for mod file C:\Users\domyc\MCreatorWorkspaces\modpericolante\build\resources\main
[06Nov2025 23:45:01.776] [Render thread/INFO] [net.minecraftforge.gametest.ForgeGameTestHooks/]: Enabled Gametest Namespaces: []
[06Nov2025 23:45:03.015] [Render thread/INFO] [net.minecraft.server.packs.resources.ReloadableResourceManager/]: Reloading ResourceManager: vanilla, mod_resources
[06Nov2025 23:45:03.065] [modloading-worker-0/DEBUG] [net.minecraftforge.fml.config.ConfigTracker/CONFIG]: Loading configs type CLIENT
[06Nov2025 23:45:03.076] [modloading-worker-0/DEBUG] [net.minecraftforge.fml.config.ConfigFileTypeHandler/CONFIG]: Built TOML config for C:\Users\domyc\MCreatorWorkspaces\modpericolante\run\config\forge-client.toml
[06Nov2025 23:45:03.080] [modloading-worker-0/DEBUG] [net.minecraftforge.fml.config.ConfigFileTypeHandler/CONFIG]: Loaded TOML config file C:\Users\domyc\MCreatorWorkspaces\modpericolante\run\config\forge-client.toml
[06Nov2025 23:45:03.114] [modloading-worker-0/DEBUG] [net.minecraftforge.fml.config.ConfigFileTypeHandler/CONFIG]: Watching TOML config file C:\Users\domyc\MCreatorWorkspaces\modpericolante\run\config\forge-client.toml for changes
[06Nov2025 23:45:03.164] [modloading-worker-0/DEBUG] [net.minecraftforge.common.ForgeConfig/FORGEMOD]: Loaded forge config file forge-client.toml
[06Nov2025 23:45:03.166] [modloading-worker-0/DEBUG] [net.minecraftforge.fml.config.ConfigTracker/CONFIG]: Loading configs type COMMON
[06Nov2025 23:45:03.302] [Worker-Main-1/WARN] [net.minecraft.client.sounds.SoundManager/]: File cum:sounds/gab_hurt2.wav.ogg does not exist, cannot add it to event cum:gb_hurt2
[06Nov2025 23:45:03.461] [Worker-Main-8/INFO] [net.minecraft.client.gui.font.providers.UnihexProvider/]: Found unifont_all_no_pua-15.0.06.hex, loading
[06Nov2025 23:45:03.725] [Render thread/DEBUG] [net.minecraftforge.fml.DeferredWorkQueue/LOADING]: Dispatching synchronous work for work queue COMMON_SETUP: 5 jobs
[06Nov2025 23:45:03.749] [Forge Version Check/INFO] [net.minecraftforge.fml.VersionChecker/]: [forge] Starting version check at https://files.minecraftforge.net/net/minecraftforge/forge/promotions_slim.json
[06Nov2025 23:45:03.842] [Render thread/DEBUG] [net.minecraftforge.fml.DeferredWorkQueue/LOADING]: Synchronous work queue completed in 114.7 ms
[06Nov2025 23:45:03.994] [Worker-Main-15/ERROR] [net.minecraft.client.resources.model.ModelManager/]: Failed to load model cum:models/custom/beker.json
net.minecraft.ResourceLocationException: Non [a-z0-9/._-] character in path of location: minecraft:Block
	at net.minecraft.resources.ResourceLocation.assertValidPath(ResourceLocation.java:236) ~[forge-1.20.1-47.3.0_mapped_official_1.20.1-recomp.jar%23191!/:?]
	at net.minecraft.resources.ResourceLocation.<init>(ResourceLocation.java:38) ~[forge-1.20.1-47.3.0_mapped_official_1.20.1-recomp.jar%23191!/:?]
	at net.minecraft.resources.ResourceLocation.<init>(ResourceLocation.java:42) ~[forge-1.20.1-47.3.0_mapped_official_1.20.1-recomp.jar%23191!/:?]
	at net.minecraft.resources.ResourceLocation.<init>(ResourceLocation.java:46) ~[forge-1.20.1-47.3.0_mapped_official_1.20.1-recomp.jar%23191!/:?]
	at net.minecraft.client.renderer.block.model.BlockModel$Deserializer.deserialize(BlockModel.java:321) ~[forge-1.20.1-47.3.0_mapped_official_1.20.1-recomp.jar%23191!/:?]
	at net.minecraftforge.client.model.ExtendedBlockModelDeserializer.deserialize(ExtendedBlockModelDeserializer.java:53) ~[forge-1.20.1-47.3.0_mapped_official_1.20.1-recomp.jar%23190%23197!/:?]
	at net.minecraftforge.client.model.ExtendedBlockModelDeserializer.deserialize(ExtendedBlockModelDeserializer.java:38) ~[forge-1.20.1-47.3.0_mapped_official_1.20.1-recomp.jar%23190%23197!/:?]
	at com.google.gson.internal.bind.TreeTypeAdapter.read(TreeTypeAdapter.java:76) ~[gson-2.10.jar%23130!/:?]
	at net.minecraft.util.GsonHelper.fromNullableJson(GsonHelper.java:434) ~[forge-1.20.1-47.3.0_mapped_official_1.20.1-recomp.jar%23191!/:?]
	at net.minecraft.util.GsonHelper.fromJson(GsonHelper.java:441) ~[forge-1.20.1-47.3.0_mapped_official_1.20.1-recomp.jar%23191!/:?]
	at net.minecraft.util.GsonHelper.fromJson(GsonHelper.java:493) ~[forge-1.20.1-47.3.0_mapped_official_1.20.1-recomp.jar%23191!/:?]
	at net.minecraft.client.renderer.block.model.BlockModel.fromStream(BlockModel.java:74) ~[forge-1.20.1-47.3.0_mapped_official_1.20.1-recomp.jar%23191!/:?]
	at net.minecraft.client.resources.model.ModelManager.lambda$loadBlockModels$8(ModelManager.java:110) ~[forge-1.20.1-47.3.0_mapped_official_1.20.1-recomp.jar%23191!/:?]
	at java.util.concurrent.CompletableFuture$AsyncSupply.run(CompletableFuture.java:1768) ~[?:?]
	at java.util.concurrent.CompletableFuture$AsyncSupply.exec(CompletableFuture.java:1760) ~[?:?]
	at java.util.concurrent.ForkJoinTask.doExec(ForkJoinTask.java:373) ~[?:?]
	at java.util.concurrent.ForkJoinPool$WorkQueue.topLevelExec(ForkJoinPool.java:1182) ~[?:?]
	at java.util.concurrent.ForkJoinPool.scan(ForkJoinPool.java:1655) ~[?:?]
	at java.util.concurrent.ForkJoinPool.runWorker(ForkJoinPool.java:1622) ~[?:?]
	at java.util.concurrent.ForkJoinWorkerThread.run(ForkJoinWorkerThread.java:165) ~[?:?]
[06Nov2025 23:45:04.020] [Worker-Main-4/ERROR] [net.minecraft.client.resources.model.ModelManager/]: Failed to load model cum:models/custom/balatro_tavolo_ufficiale.json
net.minecraft.ResourceLocationException: Non [a-z0-9/._-] character in path of location: minecraft:Block
	at net.minecraft.resources.ResourceLocation.assertValidPath(ResourceLocation.java:236) ~[forge-1.20.1-47.3.0_mapped_official_1.20.1-recomp.jar%23191!/:?]
	at net.minecraft.resources.ResourceLocation.<init>(ResourceLocation.java:38) ~[forge-1.20.1-47.3.0_mapped_official_1.20.1-recomp.jar%23191!/:?]
	at net.minecraft.resources.ResourceLocation.<init>(ResourceLocation.java:42) ~[forge-1.20.1-47.3.0_mapped_official_1.20.1-recomp.jar%23191!/:?]
	at net.minecraft.resources.ResourceLocation.<init>(ResourceLocation.java:46) ~[forge-1.20.1-47.3.0_mapped_official_1.20.1-recomp.jar%23191!/:?]
	at net.minecraft.client.renderer.block.model.BlockModel$Deserializer.deserialize(BlockModel.java:321) ~[forge-1.20.1-47.3.0_mapped_official_1.20.1-recomp.jar%23191!/:?]
	at net.minecraftforge.client.model.ExtendedBlockModelDeserializer.deserialize(ExtendedBlockModelDeserializer.java:53) ~[forge-1.20.1-47.3.0_mapped_official_1.20.1-recomp.jar%23190%23197!/:?]
	at net.minecraftforge.client.model.ExtendedBlockModelDeserializer.deserialize(ExtendedBlockModelDeserializer.java:38) ~[forge-1.20.1-47.3.0_mapped_official_1.20.1-recomp.jar%23190%23197!/:?]
	at com.google.gson.internal.bind.TreeTypeAdapter.read(TreeTypeAdapter.java:76) ~[gson-2.10.jar%23130!/:?]
	at net.minecraft.util.GsonHelper.fromNullableJson(GsonHelper.java:434) ~[forge-1.20.1-47.3.0_mapped_official_1.20.1-recomp.jar%23191!/:?]
	at net.minecraft.util.GsonHelper.fromJson(GsonHelper.java:441) ~[forge-1.20.1-47.3.0_mapped_official_1.20.1-recomp.jar%23191!/:?]
	at net.minecraft.util.GsonHelper.fromJson(GsonHelper.java:493) ~[forge-1.20.1-47.3.0_mapped_official_1.20.1-recomp.jar%23191!/:?]
	at net.minecraft.client.renderer.block.model.BlockModel.fromStream(BlockModel.java:74) ~[forge-1.20.1-47.3.0_mapped_official_1.20.1-recomp.jar%23191!/:?]
	at net.minecraft.client.resources.model.ModelManager.lambda$loadBlockModels$8(ModelManager.java:110) ~[forge-1.20.1-47.3.0_mapped_official_1.20.1-recomp.jar%23191!/:?]
	at java.util.concurrent.CompletableFuture$AsyncSupply.run(CompletableFuture.java:1768) ~[?:?]
	at java.util.concurrent.CompletableFuture$AsyncSupply.exec(CompletableFuture.java:1760) ~[?:?]
	at java.util.concurrent.ForkJoinTask.doExec(ForkJoinTask.java:373) ~[?:?]
	at java.util.concurrent.ForkJoinPool$WorkQueue.topLevelExec(ForkJoinPool.java:1182) ~[?:?]
	at java.util.concurrent.ForkJoinPool.scan(ForkJoinPool.java:1655) ~[?:?]
	at java.util.concurrent.ForkJoinPool.runWorker(ForkJoinPool.java:1622) ~[?:?]
	at java.util.concurrent.ForkJoinWorkerThread.run(ForkJoinWorkerThread.java:165) ~[?:?]
[06Nov2025 23:45:04.031] [Worker-Main-12/ERROR] [net.minecraft.client.resources.model.ModelManager/]: Failed to load model cum:models/custom/di_maleniamano.json
com.google.gson.JsonParseException: Invalid rotation -35.0 found, only -45/-22.5/0/22.5/45 allowed
	at net.minecraft.client.renderer.block.model.BlockElement$Deserializer.getAngle(BlockElement.java:112) ~[forge-1.20.1-47.3.0_mapped_official_1.20.1-recomp.jar%23191!/:?]
	at net.minecraft.client.renderer.block.model.BlockElement$Deserializer.getRotation(BlockElement.java:101) ~[forge-1.20.1-47.3.0_mapped_official_1.20.1-recomp.jar%23191!/:?]
	at net.minecraft.client.renderer.block.model.BlockElement$Deserializer.deserialize(BlockElement.java:82) ~[forge-1.20.1-47.3.0_mapped_official_1.20.1-recomp.jar%23191!/:?]
	at net.minecraft.client.renderer.block.model.BlockElement$Deserializer.deserialize(BlockElement.java:74) ~[forge-1.20.1-47.3.0_mapped_official_1.20.1-recomp.jar%23191!/:?]
	at com.google.gson.internal.bind.TreeTypeAdapter.read(TreeTypeAdapter.java:76) ~[gson-2.10.jar%23130!/:?]
	at com.google.gson.Gson.fromJson(Gson.java:1214) ~[gson-2.10.jar%23130!/:?]
	at com.google.gson.Gson.fromJson(Gson.java:1319) ~[gson-2.10.jar%23130!/:?]
	at com.google.gson.Gson.fromJson(Gson.java:1290) ~[gson-2.10.jar%23130!/:?]
	at com.google.gson.internal.bind.TreeTypeAdapter$GsonContextImpl.deserialize(TreeTypeAdapter.java:179) ~[gson-2.10.jar%23130!/:?]
	at net.minecraft.client.renderer.block.model.BlockModel$Deserializer.getElements(BlockModel.java:376) ~[forge-1.20.1-47.3.0_mapped_official_1.20.1-recomp.jar%23191!/:?]
	at net.minecraft.client.renderer.block.model.BlockModel$Deserializer.deserialize(BlockModel.java:305) ~[forge-1.20.1-47.3.0_mapped_official_1.20.1-recomp.jar%23191!/:?]
	at net.minecraftforge.client.model.ExtendedBlockModelDeserializer.deserialize(ExtendedBlockModelDeserializer.java:53) ~[forge-1.20.1-47.3.0_mapped_official_1.20.1-recomp.jar%23190%23197!/:?]
	at net.minecraftforge.client.model.ExtendedBlockModelDeserializer.deserialize(ExtendedBlockModelDeserializer.java:38) ~[forge-1.20.1-47.3.0_mapped_official_1.20.1-recomp.jar%23190%23197!/:?]
	at com.google.gson.internal.bind.TreeTypeAdapter.read(TreeTypeAdapter.java:76) ~[gson-2.10.jar%23130!/:?]
	at net.minecraft.util.GsonHelper.fromNullableJson(GsonHelper.java:434) ~[forge-1.20.1-47.3.0_mapped_official_1.20.1-recomp.jar%23191!/:?]
	at net.minecraft.util.GsonHelper.fromJson(GsonHelper.java:441) ~[forge-1.20.1-47.3.0_mapped_official_1.20.1-recomp.jar%23191!/:?]
	at net.minecraft.util.GsonHelper.fromJson(GsonHelper.java:493) ~[forge-1.20.1-47.3.0_mapped_official_1.20.1-recomp.jar%23191!/:?]
	at net.minecraft.client.renderer.block.model.BlockModel.fromStream(BlockModel.java:74) ~[forge-1.20.1-47.3.0_mapped_official_1.20.1-recomp.jar%23191!/:?]
	at net.minecraft.client.resources.model.ModelManager.lambda$loadBlockModels$8(ModelManager.java:110) ~[forge-1.20.1-47.3.0_mapped_official_1.20.1-recomp.jar%23191!/:?]
	at java.util.concurrent.CompletableFuture$AsyncSupply.run(CompletableFuture.java:1768) ~[?:?]
	at java.util.concurrent.CompletableFuture$AsyncSupply.exec(CompletableFuture.java:1760) ~[?:?]
	at java.util.concurrent.ForkJoinTask.doExec(ForkJoinTask.java:373) ~[?:?]
	at java.util.concurrent.ForkJoinPool$WorkQueue.topLevelExec(ForkJoinPool.java:1182) ~[?:?]
	at java.util.concurrent.ForkJoinPool.scan(ForkJoinPool.java:1655) ~[?:?]
	at java.util.concurrent.ForkJoinPool.runWorker(ForkJoinPool.java:1622) ~[?:?]
	at java.util.concurrent.ForkJoinWorkerThread.run(ForkJoinWorkerThread.java:165) ~[?:?]
[06Nov2025 23:45:04.031] [Worker-Main-9/ERROR] [net.minecraft.client.resources.model.ModelManager/]: Failed to load model cum:models/custom/hand_of_malenia.json
com.google.gson.JsonParseException: Invalid rotation -5.5 found, only -45/-22.5/0/22.5/45 allowed
	at net.minecraft.client.renderer.block.model.BlockElement$Deserializer.getAngle(BlockElement.java:112) ~[forge-1.20.1-47.3.0_mapped_official_1.20.1-recomp.jar%23191!/:?]
	at net.minecraft.client.renderer.block.model.BlockElement$Deserializer.getRotation(BlockElement.java:101) ~[forge-1.20.1-47.3.0_mapped_official_1.20.1-recomp.jar%23191!/:?]
	at net.minecraft.client.renderer.block.model.BlockElement$Deserializer.deserialize(BlockElement.java:82) ~[forge-1.20.1-47.3.0_mapped_official_1.20.1-recomp.jar%23191!/:?]
	at net.minecraft.client.renderer.block.model.BlockElement$Deserializer.deserialize(BlockElement.java:74) ~[forge-1.20.1-47.3.0_mapped_official_1.20.1-recomp.jar%23191!/:?]
	at com.google.gson.internal.bind.TreeTypeAdapter.read(TreeTypeAdapter.java:76) ~[gson-2.10.jar%23130!/:?]
	at com.google.gson.Gson.fromJson(Gson.java:1214) ~[gson-2.10.jar%23130!/:?]
	at com.google.gson.Gson.fromJson(Gson.java:1319) ~[gson-2.10.jar%23130!/:?]
	at com.google.gson.Gson.fromJson(Gson.java:1290) ~[gson-2.10.jar%23130!/:?]
	at com.google.gson.internal.bind.TreeTypeAdapter$GsonContextImpl.deserialize(TreeTypeAdapter.java:179) ~[gson-2.10.jar%23130!/:?]
	at net.minecraft.client.renderer.block.model.BlockModel$Deserializer.getElements(BlockModel.java:376) ~[forge-1.20.1-47.3.0_mapped_official_1.20.1-recomp.jar%23191!/:?]
	at net.minecraft.client.renderer.block.model.BlockModel$Deserializer.deserialize(BlockModel.java:305) ~[forge-1.20.1-47.3.0_mapped_official_1.20.1-recomp.jar%23191!/:?]
	at net.minecraftforge.client.model.ExtendedBlockModelDeserializer.deserialize(ExtendedBlockModelDeserializer.java:53) ~[forge-1.20.1-47.3.0_mapped_official_1.20.1-recomp.jar%23190%23197!/:?]
	at net.minecraftforge.client.model.ExtendedBlockModelDeserializer.deserialize(ExtendedBlockModelDeserializer.java:38) ~[forge-1.20.1-47.3.0_mapped_official_1.20.1-recomp.jar%23190%23197!/:?]
	at com.google.gson.internal.bind.TreeTypeAdapter.read(TreeTypeAdapter.java:76) ~[gson-2.10.jar%23130!/:?]
	at net.minecraft.util.GsonHelper.fromNullableJson(GsonHelper.java:434) ~[forge-1.20.1-47.3.0_mapped_official_1.20.1-recomp.jar%23191!/:?]
	at net.minecraft.util.GsonHelper.fromJson(GsonHelper.java:441) ~[forge-1.20.1-47.3.0_mapped_official_1.20.1-recomp.jar%23191!/:?]
	at net.minecraft.util.GsonHelper.fromJson(GsonHelper.java:493) ~[forge-1.20.1-47.3.0_mapped_official_1.20.1-recomp.jar%23191!/:?]
	at net.minecraft.client.renderer.block.model.BlockModel.fromStream(BlockModel.java:74) ~[forge-1.20.1-47.3.0_mapped_official_1.20.1-recomp.jar%23191!/:?]
	at net.minecraft.client.resources.model.ModelManager.lambda$loadBlockModels$8(ModelManager.java:110) ~[forge-1.20.1-47.3.0_mapped_official_1.20.1-recomp.jar%23191!/:?]
	at java.util.concurrent.CompletableFuture$AsyncSupply.run(CompletableFuture.java:1768) ~[?:?]
	at java.util.concurrent.CompletableFuture$AsyncSupply.exec(CompletableFuture.java:1760) ~[?:?]
	at java.util.concurrent.ForkJoinTask.doExec(ForkJoinTask.java:373) ~[?:?]
	at java.util.concurrent.ForkJoinPool$WorkQueue.topLevelExec(ForkJoinPool.java:1182) ~[?:?]
	at java.util.concurrent.ForkJoinPool.scan(ForkJoinPool.java:1655) ~[?:?]
	at java.util.concurrent.ForkJoinPool.runWorker(ForkJoinPool.java:1622) ~[?:?]
	at java.util.concurrent.ForkJoinWorkerThread.run(ForkJoinWorkerThread.java:165) ~[?:?]
[06Nov2025 23:45:04.034] [Worker-Main-5/ERROR] [net.minecraft.client.resources.model.ModelManager/]: Failed to load model cum:models/custom/malenia_mano.json
com.google.gson.JsonParseException: Invalid rotation -3.0 found, only -45/-22.5/0/22.5/45 allowed
	at net.minecraft.client.renderer.block.model.BlockElement$Deserializer.getAngle(BlockElement.java:112) ~[forge-1.20.1-47.3.0_mapped_official_1.20.1-recomp.jar%23191!/:?]
	at net.minecraft.client.renderer.block.model.BlockElement$Deserializer.getRotation(BlockElement.java:101) ~[forge-1.20.1-47.3.0_mapped_official_1.20.1-recomp.jar%23191!/:?]
	at net.minecraft.client.renderer.block.model.BlockElement$Deserializer.deserialize(BlockElement.java:82) ~[forge-1.20.1-47.3.0_mapped_official_1.20.1-recomp.jar%23191!/:?]
	at net.minecraft.client.renderer.block.model.BlockElement$Deserializer.deserialize(BlockElement.java:74) ~[forge-1.20.1-47.3.0_mapped_official_1.20.1-recomp.jar%23191!/:?]
	at com.google.gson.internal.bind.TreeTypeAdapter.read(TreeTypeAdapter.java:76) ~[gson-2.10.jar%23130!/:?]
	at com.google.gson.Gson.fromJson(Gson.java:1214) ~[gson-2.10.jar%23130!/:?]
	at com.google.gson.Gson.fromJson(Gson.java:1319) ~[gson-2.10.jar%23130!/:?]
	at com.google.gson.Gson.fromJson(Gson.java:1290) ~[gson-2.10.jar%23130!/:?]
	at com.google.gson.internal.bind.TreeTypeAdapter$GsonContextImpl.deserialize(TreeTypeAdapter.java:179) ~[gson-2.10.jar%23130!/:?]
	at net.minecraft.client.renderer.block.model.BlockModel$Deserializer.getElements(BlockModel.java:376) ~[forge-1.20.1-47.3.0_mapped_official_1.20.1-recomp.jar%23191!/:?]
	at net.minecraft.client.renderer.block.model.BlockModel$Deserializer.deserialize(BlockModel.java:305) ~[forge-1.20.1-47.3.0_mapped_official_1.20.1-recomp.jar%23191!/:?]
	at net.minecraftforge.client.model.ExtendedBlockModelDeserializer.deserialize(ExtendedBlockModelDeserializer.java:53) ~[forge-1.20.1-47.3.0_mapped_official_1.20.1-recomp.jar%23190%23197!/:?]
	at net.minecraftforge.client.model.ExtendedBlockModelDeserializer.deserialize(ExtendedBlockModelDeserializer.java:38) ~[forge-1.20.1-47.3.0_mapped_official_1.20.1-recomp.jar%23190%23197!/:?]
	at com.google.gson.internal.bind.TreeTypeAdapter.read(TreeTypeAdapter.java:76) ~[gson-2.10.jar%23130!/:?]
	at net.minecraft.util.GsonHelper.fromNullableJson(GsonHelper.java:434) ~[forge-1.20.1-47.3.0_mapped_official_1.20.1-recomp.jar%23191!/:?]
	at net.minecraft.util.GsonHelper.fromJson(GsonHelper.java:441) ~[forge-1.20.1-47.3.0_mapped_official_1.20.1-recomp.jar%23191!/:?]
	at net.minecraft.util.GsonHelper.fromJson(GsonHelper.java:493) ~[forge-1.20.1-47.3.0_mapped_official_1.20.1-recomp.jar%23191!/:?]
	at net.minecraft.client.renderer.block.model.BlockModel.fromStream(BlockModel.java:74) ~[forge-1.20.1-47.3.0_mapped_official_1.20.1-recomp.jar%23191!/:?]
	at net.minecraft.client.resources.model.ModelManager.lambda$loadBlockModels$8(ModelManager.java:110) ~[forge-1.20.1-47.3.0_mapped_official_1.20.1-recomp.jar%23191!/:?]
	at java.util.concurrent.CompletableFuture$AsyncSupply.run(CompletableFuture.java:1768) ~[?:?]
	at java.util.concurrent.CompletableFuture$AsyncSupply.exec(CompletableFuture.java:1760) ~[?:?]
	at java.util.concurrent.ForkJoinTask.doExec(ForkJoinTask.java:373) ~[?:?]
	at java.util.concurrent.ForkJoinPool$WorkQueue.topLevelExec(ForkJoinPool.java:1182) ~[?:?]
	at java.util.concurrent.ForkJoinPool.scan(ForkJoinPool.java:1655) ~[?:?]
	at java.util.concurrent.ForkJoinPool.runWorker(ForkJoinPool.java:1622) ~[?:?]
	at java.util.concurrent.ForkJoinWorkerThread.run(ForkJoinWorkerThread.java:165) ~[?:?]
[06Nov2025 23:45:04.043] [Render thread/DEBUG] [net.minecraftforge.fml.DeferredWorkQueue/LOADING]: Dispatching synchronous work for work queue SIDED_SETUP: 1 jobs
[06Nov2025 23:45:04.034] [Worker-Main-4/ERROR] [net.minecraft.client.resources.model.ModelManager/]: Failed to load model cum:models/custom/manoscritto.json
com.google.gson.JsonParseException: Invalid rotation 15.0 found, only -45/-22.5/0/22.5/45 allowed
	at net.minecraft.client.renderer.block.model.BlockElement$Deserializer.getAngle(BlockElement.java:112) ~[forge-1.20.1-47.3.0_mapped_official_1.20.1-recomp.jar%23191!/:?]
	at net.minecraft.client.renderer.block.model.BlockElement$Deserializer.getRotation(BlockElement.java:101) ~[forge-1.20.1-47.3.0_mapped_official_1.20.1-recomp.jar%23191!/:?]
	at net.minecraft.client.renderer.block.model.BlockElement$Deserializer.deserialize(BlockElement.java:82) ~[forge-1.20.1-47.3.0_mapped_official_1.20.1-recomp.jar%23191!/:?]
	at net.minecraft.client.renderer.block.model.BlockElement$Deserializer.deserialize(BlockElement.java:74) ~[forge-1.20.1-47.3.0_mapped_official_1.20.1-recomp.jar%23191!/:?]
	at com.google.gson.internal.bind.TreeTypeAdapter.read(TreeTypeAdapter.java:76) ~[gson-2.10.jar%23130!/:?]
	at com.google.gson.Gson.fromJson(Gson.java:1214) ~[gson-2.10.jar%23130!/:?]
	at com.google.gson.Gson.fromJson(Gson.java:1319) ~[gson-2.10.jar%23130!/:?]
	at com.google.gson.Gson.fromJson(Gson.java:1290) ~[gson-2.10.jar%23130!/:?]
	at com.google.gson.internal.bind.TreeTypeAdapter$GsonContextImpl.deserialize(TreeTypeAdapter.java:179) ~[gson-2.10.jar%23130!/:?]
	at net.minecraft.client.renderer.block.model.BlockModel$Deserializer.getElements(BlockModel.java:376) ~[forge-1.20.1-47.3.0_mapped_official_1.20.1-recomp.jar%23191!/:?]
	at net.minecraft.client.renderer.block.model.BlockModel$Deserializer.deserialize(BlockModel.java:305) ~[forge-1.20.1-47.3.0_mapped_official_1.20.1-recomp.jar%23191!/:?]
	at net.minecraftforge.client.model.ExtendedBlockModelDeserializer.deserialize(ExtendedBlockModelDeserializer.java:53) ~[forge-1.20.1-47.3.0_mapped_official_1.20.1-recomp.jar%23190%23197!/:?]
	at net.minecraftforge.client.model.ExtendedBlockModelDeserializer.deserialize(ExtendedBlockModelDeserializer.java:38) ~[forge-1.20.1-47.3.0_mapped_official_1.20.1-recomp.jar%23190%23197!/:?]
	at com.google.gson.internal.bind.TreeTypeAdapter.read(TreeTypeAdapter.java:76) ~[gson-2.10.jar%23130!/:?]
	at net.minecraft.util.GsonHelper.fromNullableJson(GsonHelper.java:434) ~[forge-1.20.1-47.3.0_mapped_official_1.20.1-recomp.jar%23191!/:?]
	at net.minecraft.util.GsonHelper.fromJson(GsonHelper.java:441) ~[forge-1.20.1-47.3.0_mapped_official_1.20.1-recomp.jar%23191!/:?]
	at net.minecraft.util.GsonHelper.fromJson(GsonHelper.java:493) ~[forge-1.20.1-47.3.0_mapped_official_1.20.1-recomp.jar%23191!/:?]
	at net.minecraft.client.renderer.block.model.BlockModel.fromStream(BlockModel.java:74) ~[forge-1.20.1-47.3.0_mapped_official_1.20.1-recomp.jar%23191!/:?]
	at net.minecraft.client.resources.model.ModelManager.lambda$loadBlockModels$8(ModelManager.java:110) ~[forge-1.20.1-47.3.0_mapped_official_1.20.1-recomp.jar%23191!/:?]
	at java.util.concurrent.CompletableFuture$AsyncSupply.run(CompletableFuture.java:1768) ~[?:?]
	at java.util.concurrent.CompletableFuture$AsyncSupply.exec(CompletableFuture.java:1760) ~[?:?]
	at java.util.concurrent.ForkJoinTask.doExec(ForkJoinTask.java:373) ~[?:?]
	at java.util.concurrent.ForkJoinPool$WorkQueue.topLevelExec(ForkJoinPool.java:1182) ~[?:?]
	at java.util.concurrent.ForkJoinPool.scan(ForkJoinPool.java:1655) ~[?:?]
	at java.util.concurrent.ForkJoinPool.runWorker(ForkJoinPool.java:1622) ~[?:?]
	at java.util.concurrent.ForkJoinWorkerThread.run(ForkJoinWorkerThread.java:165) ~[?:?]
[06Nov2025 23:45:04.033] [Worker-Main-13/ERROR] [net.minecraft.client.resources.model.ModelManager/]: Failed to load model cum:models/custom/mano_di_malenia.json
com.google.gson.JsonParseException: Invalid rotation -35.0 found, only -45/-22.5/0/22.5/45 allowed
	at net.minecraft.client.renderer.block.model.BlockElement$Deserializer.getAngle(BlockElement.java:112) ~[forge-1.20.1-47.3.0_mapped_official_1.20.1-recomp.jar%23191!/:?]
	at net.minecraft.client.renderer.block.model.BlockElement$Deserializer.getRotation(BlockElement.java:101) ~[forge-1.20.1-47.3.0_mapped_official_1.20.1-recomp.jar%23191!/:?]
	at net.minecraft.client.renderer.block.model.BlockElement$Deserializer.deserialize(BlockElement.java:82) ~[forge-1.20.1-47.3.0_mapped_official_1.20.1-recomp.jar%23191!/:?]
	at net.minecraft.client.renderer.block.model.BlockElement$Deserializer.deserialize(BlockElement.java:74) ~[forge-1.20.1-47.3.0_mapped_official_1.20.1-recomp.jar%23191!/:?]
	at com.google.gson.internal.bind.TreeTypeAdapter.read(TreeTypeAdapter.java:76) ~[gson-2.10.jar%23130!/:?]
	at com.google.gson.Gson.fromJson(Gson.java:1214) ~[gson-2.10.jar%23130!/:?]
	at com.google.gson.Gson.fromJson(Gson.java:1319) ~[gson-2.10.jar%23130!/:?]
	at com.google.gson.Gson.fromJson(Gson.java:1290) ~[gson-2.10.jar%23130!/:?]
	at com.google.gson.internal.bind.TreeTypeAdapter$GsonContextImpl.deserialize(TreeTypeAdapter.java:179) ~[gson-2.10.jar%23130!/:?]
	at net.minecraft.client.renderer.block.model.BlockModel$Deserializer.getElements(BlockModel.java:376) ~[forge-1.20.1-47.3.0_mapped_official_1.20.1-recomp.jar%23191!/:?]
	at net.minecraft.client.renderer.block.model.BlockModel$Deserializer.deserialize(BlockModel.java:305) ~[forge-1.20.1-47.3.0_mapped_official_1.20.1-recomp.jar%23191!/:?]
	at net.minecraftforge.client.model.ExtendedBlockModelDeserializer.deserialize(ExtendedBlockModelDeserializer.java:53) ~[forge-1.20.1-47.3.0_mapped_official_1.20.1-recomp.jar%23190%23197!/:?]
	at net.minecraftforge.client.model.ExtendedBlockModelDeserializer.deserialize(ExtendedBlockModelDeserializer.java:38) ~[forge-1.20.1-47.3.0_mapped_official_1.20.1-recomp.jar%23190%23197!/:?]
	at com.google.gson.internal.bind.TreeTypeAdapter.read(TreeTypeAdapter.java:76) ~[gson-2.10.jar%23130!/:?]
	at net.minecraft.util.GsonHelper.fromNullableJson(GsonHelper.java:434) ~[forge-1.20.1-47.3.0_mapped_official_1.20.1-recomp.jar%23191!/:?]
	at net.minecraft.util.GsonHelper.fromJson(GsonHelper.java:441) ~[forge-1.20.1-47.3.0_mapped_official_1.20.1-recomp.jar%23191!/:?]
	at net.minecraft.util.GsonHelper.fromJson(GsonHelper.java:493) ~[forge-1.20.1-47.3.0_mapped_official_1.20.1-recomp.jar%23191!/:?]
	at net.minecraft.client.renderer.block.model.BlockModel.fromStream(BlockModel.java:74) ~[forge-1.20.1-47.3.0_mapped_official_1.20.1-recomp.jar%23191!/:?]
	at net.minecraft.client.resources.model.ModelManager.lambda$loadBlockModels$8(ModelManager.java:110) ~[forge-1.20.1-47.3.0_mapped_official_1.20.1-recomp.jar%23191!/:?]
	at java.util.concurrent.CompletableFuture$AsyncSupply.run(CompletableFuture.java:1768) ~[?:?]
	at java.util.concurrent.CompletableFuture$AsyncSupply.exec(CompletableFuture.java:1760) ~[?:?]
	at java.util.concurrent.ForkJoinTask.doExec(ForkJoinTask.java:373) ~[?:?]
	at java.util.concurrent.ForkJoinPool$WorkQueue.topLevelExec(ForkJoinPool.java:1182) ~[?:?]
	at java.util.concurrent.ForkJoinPool.scan(ForkJoinPool.java:1655) ~[?:?]
	at java.util.concurrent.ForkJoinPool.runWorker(ForkJoinPool.java:1622) ~[?:?]
	at java.util.concurrent.ForkJoinWorkerThread.run(ForkJoinWorkerThread.java:165) ~[?:?]
[06Nov2025 23:45:04.062] [Worker-Main-4/ERROR] [net.minecraft.client.resources.model.ModelManager/]: Failed to load model cum:models/custom/tavolobalatranteee.json
net.minecraft.ResourceLocationException: Non [a-z0-9/._-] character in path of location: minecraft:Block
	at net.minecraft.resources.ResourceLocation.assertValidPath(ResourceLocation.java:236) ~[forge-1.20.1-47.3.0_mapped_official_1.20.1-recomp.jar%23191!/:?]
	at net.minecraft.resources.ResourceLocation.<init>(ResourceLocation.java:38) ~[forge-1.20.1-47.3.0_mapped_official_1.20.1-recomp.jar%23191!/:?]
	at net.minecraft.resources.ResourceLocation.<init>(ResourceLocation.java:42) ~[forge-1.20.1-47.3.0_mapped_official_1.20.1-recomp.jar%23191!/:?]
	at net.minecraft.resources.ResourceLocation.<init>(ResourceLocation.java:46) ~[forge-1.20.1-47.3.0_mapped_official_1.20.1-recomp.jar%23191!/:?]
	at net.minecraft.client.renderer.block.model.BlockModel$Deserializer.deserialize(BlockModel.java:321) ~[forge-1.20.1-47.3.0_mapped_official_1.20.1-recomp.jar%23191!/:?]
	at net.minecraftforge.client.model.ExtendedBlockModelDeserializer.deserialize(ExtendedBlockModelDeserializer.java:53) ~[forge-1.20.1-47.3.0_mapped_official_1.20.1-recomp.jar%23190%23197!/:?]
	at net.minecraftforge.client.model.ExtendedBlockModelDeserializer.deserialize(ExtendedBlockModelDeserializer.java:38) ~[forge-1.20.1-47.3.0_mapped_official_1.20.1-recomp.jar%23190%23197!/:?]
	at com.google.gson.internal.bind.TreeTypeAdapter.read(TreeTypeAdapter.java:76) ~[gson-2.10.jar%23130!/:?]
	at net.minecraft.util.GsonHelper.fromNullableJson(GsonHelper.java:434) ~[forge-1.20.1-47.3.0_mapped_official_1.20.1-recomp.jar%23191!/:?]
	at net.minecraft.util.GsonHelper.fromJson(GsonHelper.java:441) ~[forge-1.20.1-47.3.0_mapped_official_1.20.1-recomp.jar%23191!/:?]
	at net.minecraft.util.GsonHelper.fromJson(GsonHelper.java:493) ~[forge-1.20.1-47.3.0_mapped_official_1.20.1-recomp.jar%23191!/:?]
	at net.minecraft.client.renderer.block.model.BlockModel.fromStream(BlockModel.java:74) ~[forge-1.20.1-47.3.0_mapped_official_1.20.1-recomp.jar%23191!/:?]
	at net.minecraft.client.resources.model.ModelManager.lambda$loadBlockModels$8(ModelManager.java:110) ~[forge-1.20.1-47.3.0_mapped_official_1.20.1-recomp.jar%23191!/:?]
	at java.util.concurrent.CompletableFuture$AsyncSupply.run(CompletableFuture.java:1768) ~[?:?]
	at java.util.concurrent.CompletableFuture$AsyncSupply.exec(CompletableFuture.java:1760) ~[?:?]
	at java.util.concurrent.ForkJoinTask.doExec(ForkJoinTask.java:373) ~[?:?]
	at java.util.concurrent.ForkJoinPool$WorkQueue.topLevelExec(ForkJoinPool.java:1182) ~[?:?]
	at java.util.concurrent.ForkJoinPool.scan(ForkJoinPool.java:1655) ~[?:?]
	at java.util.concurrent.ForkJoinPool.runWorker(ForkJoinPool.java:1622) ~[?:?]
	at java.util.concurrent.ForkJoinWorkerThread.run(ForkJoinWorkerThread.java:165) ~[?:?]
[06Nov2025 23:45:04.231] [Worker-Main-1/WARN] [net.minecraft.client.renderer.texture.SpriteLoader/]: Texture cum:item/mano_di_malenia with size 1370x1370 limits mip level from 2 to 1
[06Nov2025 23:45:04.268] [Worker-Main-1/WARN] [net.minecraft.client.renderer.texture.SpriteLoader/]: Texture cum:item/dna_joker with size 16x17 limits mip level from 1 to 0
[06Nov2025 23:45:04.608] [Render thread/DEBUG] [net.minecraftforge.fml.DeferredWorkQueue/LOADING]: Synchronous work queue completed in 563.6 ms
[06Nov2025 23:45:05.199] [Worker-Main-17/WARN] [net.minecraft.client.resources.model.ModelBakery/]: Unable to load model: 'cum:custom/beker' referenced from: cum:beker#: java.io.FileNotFoundException: cum:models/custom/beker.json
[06Nov2025 23:45:05.201] [Worker-Main-17/WARN] [net.minecraft.client.resources.model.ModelBakery/]: Unable to load model: 'cum:custom/balatro_tavolo_ufficiale' referenced from: cum:tavolo_balatrante#facing=north: java.io.FileNotFoundException: cum:models/custom/balatro_tavolo_ufficiale.json
[06Nov2025 23:45:05.319] [Forge Version Check/DEBUG] [net.minecraftforge.fml.VersionChecker/]: [forge] Received version check data:
{
  "homepage": "https://files.minecraftforge.net/net/minecraftforge/forge/",
  "promos": {
    "1.1-latest": "1.3.4.29",
    "1.2.3-latest": "1.4.1.64",
    "1.2.4-latest": "2.0.0.68",
    "1.2.5-latest": "3.4.9.171",
    "1.3.2-latest": "4.3.5.318",
    "1.4.0-latest": "5.0.0.326",
    "1.4.1-latest": "6.0.0.329",
    "1.4.2-latest": "6.0.1.355",
    "1.4.3-latest": "6.2.1.358",
    "1.4.4-latest": "6.3.0.378",
    "1.4.5-latest": "6.4.2.448",
    "1.4.6-latest": "6.5.0.489",
    "1.4.7-latest": "6.6.2.534",
    "1.5-latest": "7.7.0.598",
    "1.5.1-latest": "7.7.2.682",
    "1.5.2-latest": "7.8.1.738",
    "1.5.2-recommended": "7.8.1.738",
    "1.6.1-latest": "8.9.0.775",
    "1.6.2-latest": "9.10.1.871",
    "1.6.2-recommended": "9.10.1.871",
    "1.6.3-latest": "9.11.0.878",
    "1.6.4-latest": "9.11.1.1345",
    "1.6.4-recommended": "9.11.1.1345",
    "1.7.2-latest": "10.12.2.1161",
    "1.7.2-recommended": "10.12.2.1161",
    "1.7.10_pre4-latest": "10.12.2.1149",
    "1.7.10-latest": "10.13.4.1614",
    "1.7.10-recommended": "10.13.4.1614",
    "1.8-latest": "11.14.4.1577",
    "1.8-recommended": "11.14.4.1563",
    "1.8.8-latest": "11.15.0.1655",
    "1.8.9-latest": "11.15.1.2318",
    "1.8.9-recommended": "11.15.1.2318",
    "1.9-latest": "12.16.1.1938",
    "1.9-recommended": "12.16.1.1887",
    "1.9.4-latest": "12.17.0.2317",
    "1.9.4-recommended": "12.17.0.2317",
    "1.10-latest": "12.18.0.2000",
    "1.10.2-latest": "12.18.3.2511",
    "1.10.2-recommended": "12.18.3.2511",
    "1.11-latest": "13.19.1.2199",
    "1.11-recommended": "13.19.1.2189",
    "1.11.2-latest": "13.20.1.2588",
    "1.11.2-recommended": "13.20.1.2588",
    "1.12-latest": "14.21.1.2443",
    "1.12-recommended": "14.21.1.2387",
    "1.12.1-latest": "14.22.1.2485",
    "1.12.1-recommended": "14.22.1.2478",
    "1.12.2-latest": "14.23.5.2860",
    "1.12.2-recommended": "14.23.5.2859",
    "1.13.2-latest": "25.0.223",
    "1.14.2-latest": "26.0.63",
    "1.14.3-latest": "27.0.60",
    "1.14.4-latest": "28.2.26",
    "1.14.4-recommended": "28.2.26",
    "1.15-latest": "29.0.4",
    "1.15.1-latest": "30.0.51",
    "1.15.2-latest": "31.2.60",
    "1.15.2-recommended": "31.2.57",
    "1.16.1-latest": "32.0.108",
    "1.16.2-latest": "33.0.61",
    "1.16.3-latest": "34.1.42",
    "1.16.3-recommended": "34.1.0",
    "1.16.4-latest": "35.1.37",
    "1.16.4-recommended": "35.1.4",
    "1.16.5-latest": "36.2.42",
    "1.16.5-recommended": "36.2.34",
    "1.17.1-latest": "37.1.1",
    "1.17.1-recommended": "37.1.1",
    "1.18-latest": "38.0.17",
    "1.18.1-latest": "39.1.2",
    "1.18.1-recommended": "39.1.0",
    "1.18.2-recommended": "40.3.0",
    "1.18.2-latest": "40.3.11",
    "1.19-latest": "41.1.0",
    "1.19-recommended": "41.1.0",
    "1.19.1-latest": "42.0.9",
    "1.19.2-recommended": "43.5.0",
    "1.19.2-latest": "43.5.1",
    "1.19.3-latest": "44.1.23",
    "1.19.3-recommended": "44.1.0",
    "1.19.4-recommended": "45.4.0",
    "1.19.4-latest": "45.4.2",
    "1.20-latest": "46.0.14",
    "1.20.1-recommended": "47.4.0",
    "1.20.1-latest": "47.4.10",
    "1.20.2-latest": "48.1.0",
    "1.20.2-recommended": "48.1.0",
    "1.20.3-latest": "49.0.2",
    "1.20.4-latest": "49.2.2",
    "1.20.4-recommended": "49.2.0",
    "1.20.6-latest": "50.2.2",
    "1.20.6-recommended": "50.2.0",
    "1.21-latest": "51.0.33",
    "1.21.1-latest": "52.1.6",
    "1.21.1-recommended": "52.1.0",
    "1.21.3-latest": "53.1.4",
    "1.21.3-recommended": "53.1.0",
    "1.21.4-latest": "54.1.8",
    "1.21.4-recommended": "54.1.0",
    "1.21.5-latest": "55.1.2",
    "1.21.5-recommended": "55.1.0",
    "1.21.6-latest": "56.0.9",
    "1.21.7-latest": "57.0.3",
    "1.21.8-latest": "58.1.7",
    "1.21.8-recommended": "58.1.0",
    "1.21.9-latest": "59.0.5",
    "1.21.10-latest": "60.0.17"
  }
}
[06Nov2025 23:45:05.323] [Forge Version Check/INFO] [net.minecraftforge.fml.VersionChecker/]: [forge] Found status: OUTDATED Current: 47.3.0 Target: 47.4.0
[06Nov2025 23:45:06.180] [modloading-worker-0/DEBUG] [net.minecraftforge.registries.GameData/REGISTRIES]: Freezing registries
[06Nov2025 23:45:06.182] [modloading-worker-0/DEBUG] [net.minecraftforge.registries.ForgeRegistry/REGISTRIES]: Registry minecraft:block Sync: FROZEN -> ACTIVE
[06Nov2025 23:45:06.190] [modloading-worker-0/DEBUG] [net.minecraftforge.registries.ForgeRegistry/REGISTRIES]: Registry minecraft:fluid Sync: FROZEN -> ACTIVE
[06Nov2025 23:45:06.190] [modloading-worker-0/DEBUG] [net.minecraftforge.registries.ForgeRegistry/REGISTRIES]: Registry minecraft:item Sync: FROZEN -> ACTIVE
[06Nov2025 23:45:06.200] [modloading-worker-0/DEBUG] [net.minecraftforge.registries.ForgeRegistry/REGISTRIES]: Registry minecraft:mob_effect Sync: FROZEN -> ACTIVE
[06Nov2025 23:45:06.200] [modloading-worker-0/DEBUG] [net.minecraftforge.registries.ForgeRegistry/REGISTRIES]: Registry minecraft:sound_event Sync: FROZEN -> ACTIVE
[06Nov2025 23:45:06.205] [modloading-worker-0/DEBUG] [net.minecraftforge.registries.ForgeRegistry/REGISTRIES]: Registry minecraft:potion Sync: FROZEN -> ACTIVE
[06Nov2025 23:45:06.205] [modloading-worker-0/DEBUG] [net.minecraftforge.registries.ForgeRegistry/REGISTRIES]: Registry minecraft:enchantment Sync: FROZEN -> ACTIVE
[06Nov2025 23:45:06.206] [modloading-worker-0/DEBUG] [net.minecraftforge.registries.ForgeRegistry/REGISTRIES]: Registry minecraft:entity_type Sync: FROZEN -> ACTIVE
[06Nov2025 23:45:06.206] [modloading-worker-0/DEBUG] [net.minecraftforge.registries.ForgeRegistry/REGISTRIES]: Registry minecraft:block_entity_type Sync: FROZEN -> ACTIVE
[06Nov2025 23:45:06.207] [modloading-worker-0/DEBUG] [net.minecraftforge.registries.ForgeRegistry/REGISTRIES]: Registry minecraft:particle_type Sync: FROZEN -> ACTIVE
[06Nov2025 23:45:06.207] [modloading-worker-0/DEBUG] [net.minecraftforge.registries.ForgeRegistry/REGISTRIES]: Registry minecraft:menu Sync: FROZEN -> ACTIVE
[06Nov2025 23:45:06.207] [modloading-worker-0/DEBUG] [net.minecraftforge.registries.ForgeRegistry/REGISTRIES]: Registry minecraft:painting_variant Sync: FROZEN -> ACTIVE
[06Nov2025 23:45:06.207] [modloading-worker-0/DEBUG] [net.minecraftforge.registries.ForgeRegistry/REGISTRIES]: Registry minecraft:recipe_type Sync: FROZEN -> ACTIVE
[06Nov2025 23:45:06.207] [modloading-worker-0/DEBUG] [net.minecraftforge.registries.ForgeRegistry/REGISTRIES]: Registry minecraft:recipe_serializer Sync: FROZEN -> ACTIVE
[06Nov2025 23:45:06.207] [modloading-worker-0/DEBUG] [net.minecraftforge.registries.ForgeRegistry/REGISTRIES]: Registry minecraft:attribute Sync: FROZEN -> ACTIVE
[06Nov2025 23:45:06.208] [modloading-worker-0/DEBUG] [net.minecraftforge.registries.ForgeRegistry/REGISTRIES]: Registry minecraft:stat_type Sync: FROZEN -> ACTIVE
[06Nov2025 23:45:06.208] [modloading-worker-0/DEBUG] [net.minecraftforge.registries.ForgeRegistry/REGISTRIES]: Registry minecraft:command_argument_type Sync: FROZEN -> ACTIVE
[06Nov2025 23:45:06.208] [modloading-worker-0/DEBUG] [net.minecraftforge.registries.ForgeRegistry/REGISTRIES]: Registry minecraft:villager_profession Sync: FROZEN -> ACTIVE
[06Nov2025 23:45:06.210] [modloading-worker-0/DEBUG] [net.minecraftforge.registries.ForgeRegistry/REGISTRIES]: Registry minecraft:point_of_interest_type Sync: FROZEN -> ACTIVE
[06Nov2025 23:45:06.211] [modloading-worker-0/DEBUG] [net.minecraftforge.registries.ForgeRegistry/REGISTRIES]: Registry minecraft:memory_module_type Sync: FROZEN -> ACTIVE
[06Nov2025 23:45:06.212] [modloading-worker-0/DEBUG] [net.minecraftforge.registries.ForgeRegistry/REGISTRIES]: Registry minecraft:sensor_type Sync: FROZEN -> ACTIVE
[06Nov2025 23:45:06.212] [modloading-worker-0/DEBUG] [net.minecraftforge.registries.ForgeRegistry/REGISTRIES]: Registry minecraft:schedule Sync: FROZEN -> ACTIVE
[06Nov2025 23:45:06.212] [modloading-worker-0/DEBUG] [net.minecraftforge.registries.ForgeRegistry/REGISTRIES]: Registry minecraft:activity Sync: FROZEN -> ACTIVE
[06Nov2025 23:45:06.212] [modloading-worker-0/DEBUG] [net.minecraftforge.registries.ForgeRegistry/REGISTRIES]: Registry minecraft:worldgen/carver Sync: FROZEN -> ACTIVE
[06Nov2025 23:45:06.212] [modloading-worker-0/DEBUG] [net.minecraftforge.registries.ForgeRegistry/REGISTRIES]: Registry minecraft:worldgen/feature Sync: FROZEN -> ACTIVE
[06Nov2025 23:45:06.213] [modloading-worker-0/DEBUG] [net.minecraftforge.registries.ForgeRegistry/REGISTRIES]: Registry minecraft:chunk_status Sync: FROZEN -> ACTIVE
[06Nov2025 23:45:06.213] [modloading-worker-0/DEBUG] [net.minecraftforge.registries.ForgeRegistry/REGISTRIES]: Registry minecraft:worldgen/block_state_provider_type Sync: FROZEN -> ACTIVE
[06Nov2025 23:45:06.213] [modloading-worker-0/DEBUG] [net.minecraftforge.registries.ForgeRegistry/REGISTRIES]: Registry minecraft:worldgen/foliage_placer_type Sync: FROZEN -> ACTIVE
[06Nov2025 23:45:06.213] [modloading-worker-0/DEBUG] [net.minecraftforge.registries.ForgeRegistry/REGISTRIES]: Registry minecraft:worldgen/tree_decorator_type Sync: FROZEN -> ACTIVE
[06Nov2025 23:45:06.213] [modloading-worker-0/DEBUG] [net.minecraftforge.registries.ForgeRegistry/REGISTRIES]: Registry minecraft:worldgen/biome Sync: FROZEN -> ACTIVE
[06Nov2025 23:45:06.213] [modloading-worker-0/DEBUG] [net.minecraftforge.registries.ForgeRegistry/REGISTRIES]: Registry forge:entity_data_serializers Sync: FROZEN -> ACTIVE
[06Nov2025 23:45:06.213] [modloading-worker-0/DEBUG] [net.minecraftforge.registries.ForgeRegistry/REGISTRIES]: Registry forge:global_loot_modifier_serializers Sync: FROZEN -> ACTIVE
[06Nov2025 23:45:06.213] [modloading-worker-0/DEBUG] [net.minecraftforge.registries.ForgeRegistry/REGISTRIES]: Registry forge:biome_modifier_serializers Sync: FROZEN -> ACTIVE
[06Nov2025 23:45:06.214] [modloading-worker-0/DEBUG] [net.minecraftforge.registries.ForgeRegistry/REGISTRIES]: Registry forge:fluid_type Sync: FROZEN -> ACTIVE
[06Nov2025 23:45:06.214] [modloading-worker-0/DEBUG] [net.minecraftforge.registries.ForgeRegistry/REGISTRIES]: Registry forge:structure_modifier_serializers Sync: FROZEN -> ACTIVE
[06Nov2025 23:45:06.214] [modloading-worker-0/DEBUG] [net.minecraftforge.registries.ForgeRegistry/REGISTRIES]: Registry forge:holder_set_type Sync: FROZEN -> ACTIVE
[06Nov2025 23:45:06.214] [modloading-worker-0/DEBUG] [net.minecraftforge.registries.ForgeRegistry/REGISTRIES]: Registry forge:display_contexts Sync: FROZEN -> ACTIVE
[06Nov2025 23:45:07.118] [modloading-worker-0/DEBUG] [net.minecraftforge.registries.GameData/REGISTRIES]: All registries frozen
[06Nov2025 23:45:07.156] [Render thread/DEBUG] [net.minecraftforge.common.ForgeI18n/CORE]: Loading I18N data entries: 7158
[06Nov2025 23:45:07.207] [Render thread/WARN] [net.minecraft.client.sounds.SoundEngine/]: Missing sound for event: minecraft:item.goat_horn.play
[06Nov2025 23:45:07.207] [Render thread/WARN] [net.minecraft.client.sounds.SoundEngine/]: Missing sound for event: minecraft:entity.goat.screaming.horn_break
[06Nov2025 23:45:07.286] [Render thread/INFO] [com.mojang.blaze3d.audio.Library/]: OpenAL initialized on device OpenAL Soft on Speakers (Realtek(R) Audio)
[06Nov2025 23:45:07.289] [Render thread/INFO] [net.minecraft.client.sounds.SoundEngine/SOUNDS]: Sound engine started
[06Nov2025 23:45:07.465] [Render thread/INFO] [net.minecraft.client.renderer.texture.TextureAtlas/]: Created: 4096x2048x2 minecraft:textures/atlas/blocks.png-atlas
[06Nov2025 23:45:07.516] [Render thread/INFO] [net.minecraft.client.renderer.texture.TextureAtlas/]: Created: 256x256x2 minecraft:textures/atlas/signs.png-atlas
[06Nov2025 23:45:07.517] [Render thread/INFO] [net.minecraft.client.renderer.texture.TextureAtlas/]: Created: 512x512x2 minecraft:textures/atlas/shield_patterns.png-atlas
[06Nov2025 23:45:07.519] [Render thread/INFO] [net.minecraft.client.renderer.texture.TextureAtlas/]: Created: 512x512x2 minecraft:textures/atlas/banner_patterns.png-atlas
[06Nov2025 23:45:07.520] [Render thread/INFO] [net.minecraft.client.renderer.texture.TextureAtlas/]: Created: 1024x1024x2 minecraft:textures/atlas/armor_trims.png-atlas
[06Nov2025 23:45:07.530] [Render thread/INFO] [net.minecraft.client.renderer.texture.TextureAtlas/]: Created: 128x64x2 minecraft:textures/atlas/decorated_pot.png-atlas
[06Nov2025 23:45:07.531] [Render thread/INFO] [net.minecraft.client.renderer.texture.TextureAtlas/]: Created: 256x256x2 minecraft:textures/atlas/chest.png-atlas
[06Nov2025 23:45:07.532] [Render thread/INFO] [net.minecraft.client.renderer.texture.TextureAtlas/]: Created: 512x256x2 minecraft:textures/atlas/beds.png-atlas
[06Nov2025 23:45:07.533] [Render thread/INFO] [net.minecraft.client.renderer.texture.TextureAtlas/]: Created: 512x256x2 minecraft:textures/atlas/shulker_boxes.png-atlas
[06Nov2025 23:45:07.839] [Render thread/WARN] [net.minecraft.client.renderer.ShaderInstance/]: Shader rendertype_entity_translucent_emissive could not find sampler named Sampler2 in the specified shader program.
[06Nov2025 23:45:07.939] [Render thread/INFO] [net.minecraft.client.renderer.texture.TextureAtlas/]: Created: 256x256x0 minecraft:textures/atlas/particles.png-atlas
[06Nov2025 23:45:07.947] [Render thread/INFO] [net.minecraft.client.renderer.texture.TextureAtlas/]: Created: 2048x2048x0 minecraft:textures/atlas/paintings.png-atlas
[06Nov2025 23:45:07.959] [Render thread/INFO] [net.minecraft.client.renderer.texture.TextureAtlas/]: Created: 256x256x0 minecraft:textures/atlas/mob_effects.png-atlas
[06Nov2025 23:45:08.687] [Realms Notification Availability checker #1/INFO] [com.mojang.realmsclient.client.RealmsClient/]: Could not authorize you against Realms server: java.lang.RuntimeException: Failed to parse into SignedJWT: 0
[06Nov2025 23:45:13.067] [Render thread/INFO] [net.minecraftforge.registries.GameData/REGISTRIES]: Injecting existing registry data into this CLIENT instance
[06Nov2025 23:45:13.113] [Render thread/DEBUG] [net.minecraftforge.registries.ForgeRegistry/REGISTRIES]: Registry minecraft:item: Fixed minecraft:item id mismatch cum:armaturadelsangue_boots: 1537 (init) -> 1536 (map).
[06Nov2025 23:45:13.118] [Render thread/DEBUG] [net.minecraftforge.registries.ForgeRegistry/REGISTRIES]: Registry minecraft:item: Fixed minecraft:item id mismatch cum:pbr_322: 1536 (init) -> 1537 (map).
[06Nov2025 23:45:13.155] [Render thread/DEBUG] [net.minecraftforge.registries.ForgeRegistry/REGISTRIES]: Registry minecraft:block Sync: ACTIVE -> STAGING
[06Nov2025 23:45:13.159] [Render thread/DEBUG] [net.minecraftforge.registries.ForgeRegistry/REGISTRIES]: Registry minecraft:fluid Sync: ACTIVE -> STAGING
[06Nov2025 23:45:13.159] [Render thread/DEBUG] [net.minecraftforge.registries.ForgeRegistry/REGISTRIES]: Registry minecraft:item Sync: ACTIVE -> STAGING
[06Nov2025 23:45:13.164] [Render thread/DEBUG] [net.minecraftforge.registries.ForgeRegistry/REGISTRIES]: Registry minecraft:mob_effect Sync: ACTIVE -> STAGING
[06Nov2025 23:45:13.165] [Render thread/DEBUG] [net.minecraftforge.registries.ForgeRegistry/REGISTRIES]: Registry minecraft:sound_event Sync: ACTIVE -> STAGING
[06Nov2025 23:45:13.169] [Render thread/DEBUG] [net.minecraftforge.registries.ForgeRegistry/REGISTRIES]: Registry minecraft:potion Sync: ACTIVE -> STAGING
[06Nov2025 23:45:13.170] [Render thread/DEBUG] [net.minecraftforge.registries.ForgeRegistry/REGISTRIES]: Registry minecraft:enchantment Sync: ACTIVE -> STAGING
[06Nov2025 23:45:13.170] [Render thread/DEBUG] [net.minecraftforge.registries.ForgeRegistry/REGISTRIES]: Registry minecraft:entity_type Sync: ACTIVE -> STAGING
[06Nov2025 23:45:13.170] [Render thread/DEBUG] [net.minecraftforge.registries.ForgeRegistry/REGISTRIES]: Registry minecraft:block_entity_type Sync: ACTIVE -> STAGING
[06Nov2025 23:45:13.171] [Render thread/DEBUG] [net.minecraftforge.registries.ForgeRegistry/REGISTRIES]: Registry minecraft:particle_type Sync: ACTIVE -> STAGING
[06Nov2025 23:45:13.171] [Render thread/DEBUG] [net.minecraftforge.registries.ForgeRegistry/REGISTRIES]: Registry minecraft:menu Sync: ACTIVE -> STAGING
[06Nov2025 23:45:13.171] [Render thread/DEBUG] [net.minecraftforge.registries.ForgeRegistry/REGISTRIES]: Registry minecraft:painting_variant Sync: ACTIVE -> STAGING
[06Nov2025 23:45:13.171] [Render thread/DEBUG] [net.minecraftforge.registries.ForgeRegistry/REGISTRIES]: Registry minecraft:recipe_type Sync: ACTIVE -> STAGING
[06Nov2025 23:45:13.171] [Render thread/DEBUG] [net.minecraftforge.registries.ForgeRegistry/REGISTRIES]: Registry minecraft:recipe_serializer Sync: ACTIVE -> STAGING
[06Nov2025 23:45:13.171] [Render thread/DEBUG] [net.minecraftforge.registries.ForgeRegistry/REGISTRIES]: Registry minecraft:attribute Sync: ACTIVE -> STAGING
[06Nov2025 23:45:13.171] [Render thread/DEBUG] [net.minecraftforge.registries.ForgeRegistry/REGISTRIES]: Registry minecraft:stat_type Sync: ACTIVE -> STAGING
[06Nov2025 23:45:13.171] [Render thread/DEBUG] [net.minecraftforge.registries.ForgeRegistry/REGISTRIES]: Registry minecraft:command_argument_type Sync: ACTIVE -> STAGING
[06Nov2025 23:45:13.172] [Render thread/DEBUG] [net.minecraftforge.registries.ForgeRegistry/REGISTRIES]: Registry minecraft:villager_profession Sync: ACTIVE -> STAGING
[06Nov2025 23:45:13.172] [Render thread/DEBUG] [net.minecraftforge.registries.ForgeRegistry/REGISTRIES]: Registry minecraft:point_of_interest_type Sync: ACTIVE -> STAGING
[06Nov2025 23:45:13.173] [Render thread/DEBUG] [net.minecraftforge.registries.ForgeRegistry/REGISTRIES]: Registry minecraft:memory_module_type Sync: ACTIVE -> STAGING
[06Nov2025 23:45:13.173] [Render thread/DEBUG] [net.minecraftforge.registries.ForgeRegistry/REGISTRIES]: Registry minecraft:sensor_type Sync: ACTIVE -> STAGING
[06Nov2025 23:45:13.173] [Render thread/DEBUG] [net.minecraftforge.registries.ForgeRegistry/REGISTRIES]: Registry minecraft:schedule Sync: ACTIVE -> STAGING
[06Nov2025 23:45:13.173] [Render thread/DEBUG] [net.minecraftforge.registries.ForgeRegistry/REGISTRIES]: Registry minecraft:activity Sync: ACTIVE -> STAGING
[06Nov2025 23:45:13.173] [Render thread/DEBUG] [net.minecraftforge.registries.ForgeRegistry/REGISTRIES]: Registry minecraft:worldgen/carver Sync: ACTIVE -> STAGING
[06Nov2025 23:45:13.173] [Render thread/DEBUG] [net.minecraftforge.registries.ForgeRegistry/REGISTRIES]: Registry minecraft:worldgen/feature Sync: ACTIVE -> STAGING
[06Nov2025 23:45:13.174] [Render thread/DEBUG] [net.minecraftforge.registries.ForgeRegistry/REGISTRIES]: Registry minecraft:chunk_status Sync: ACTIVE -> STAGING
[06Nov2025 23:45:13.174] [Render thread/DEBUG] [net.minecraftforge.registries.ForgeRegistry/REGISTRIES]: Registry minecraft:worldgen/block_state_provider_type Sync: ACTIVE -> STAGING
[06Nov2025 23:45:13.174] [Render thread/DEBUG] [net.minecraftforge.registries.ForgeRegistry/REGISTRIES]: Registry minecraft:worldgen/foliage_placer_type Sync: ACTIVE -> STAGING
[06Nov2025 23:45:13.174] [Render thread/DEBUG] [net.minecraftforge.registries.ForgeRegistry/REGISTRIES]: Registry minecraft:worldgen/tree_decorator_type Sync: ACTIVE -> STAGING
[06Nov2025 23:45:13.174] [Render thread/DEBUG] [net.minecraftforge.registries.ForgeRegistry/REGISTRIES]: Registry minecraft:worldgen/biome Sync: ACTIVE -> STAGING
[06Nov2025 23:45:13.174] [Render thread/DEBUG] [net.minecraftforge.registries.ForgeRegistry/REGISTRIES]: Registry forge:entity_data_serializers Sync: ACTIVE -> STAGING
[06Nov2025 23:45:13.174] [Render thread/DEBUG] [net.minecraftforge.registries.ForgeRegistry/REGISTRIES]: Registry forge:global_loot_modifier_serializers Sync: ACTIVE -> STAGING
[06Nov2025 23:45:13.174] [Render thread/DEBUG] [net.minecraftforge.registries.ForgeRegistry/REGISTRIES]: Registry forge:biome_modifier_serializers Sync: ACTIVE -> STAGING
[06Nov2025 23:45:13.174] [Render thread/DEBUG] [net.minecraftforge.registries.ForgeRegistry/REGISTRIES]: Registry forge:fluid_type Sync: ACTIVE -> STAGING
[06Nov2025 23:45:13.174] [Render thread/DEBUG] [net.minecraftforge.registries.ForgeRegistry/REGISTRIES]: Registry forge:structure_modifier_serializers Sync: ACTIVE -> STAGING
[06Nov2025 23:45:13.174] [Render thread/DEBUG] [net.minecraftforge.registries.ForgeRegistry/REGISTRIES]: Registry forge:holder_set_type Sync: ACTIVE -> STAGING
[06Nov2025 23:45:13.174] [Render thread/DEBUG] [net.minecraftforge.registries.ForgeRegistry/REGISTRIES]: Registry forge:display_contexts Sync: ACTIVE -> STAGING
[06Nov2025 23:45:13.473] [Render thread/DEBUG] [net.minecraftforge.registries.ObjectHolderRegistry/REGISTRIES]: Applying holder lookups
[06Nov2025 23:45:13.479] [Render thread/DEBUG] [net.minecraftforge.registries.ObjectHolderRegistry/REGISTRIES]: Holder lookups applied
[06Nov2025 23:45:13.505] [Render thread/DEBUG] [net.minecraftforge.server.ServerLifecycleHooks/CORE]: Generating PackInfo named mod:forge for mod file /
[06Nov2025 23:45:13.507] [Render thread/DEBUG] [net.minecraftforge.server.ServerLifecycleHooks/CORE]: Generating PackInfo named mod:cum for mod file C:\Users\domyc\MCreatorWorkspaces\modpericolante\build\resources\main
[06Nov2025 23:45:14.537] [Render thread/DEBUG] [net.minecraftforge.coremod.transformer.CoreModBaseTransformer/COREMOD]: Transforming net/minecraft/server/commands/SummonCommand
[06Nov2025 23:45:14.955] [Worker-Main-5/DEBUG] [net.minecraftforge.coremod.transformer.CoreModBaseTransformer/COREMOD]: Transforming net/minecraft/world/entity/raid/Raid
[06Nov2025 23:45:15.275] [Render thread/INFO] [net.minecraft.world.item.crafting.RecipeManager/]: Loaded 7 recipes
[06Nov2025 23:45:15.374] [Render thread/ERROR] [net.minecraft.advancements.AdvancementList/]: Couldn't load advancement cum:tunonhaiidea: Task Advancement{parentId=cum:tunonhaiidea, display=net.minecraft.advancements.DisplayInfo@5207747c, rewards=AdvancementRewards{experience=12, loot=[], recipes=[], function=net.minecraft.commands.CommandFunction$CacheableFunction@68596992}, criteria={tunonhaiidea_0=net.minecraft.advancements.Criterion@39240aa3}, requirements=[[tunonhaiidea_0]], sends_telemetry_event=false}
[06Nov2025 23:45:15.375] [Render thread/INFO] [net.minecraft.advancements.AdvancementList/]: Loaded 1276 advancements
[06Nov2025 23:45:15.746] [Render thread/DEBUG] [net.minecraftforge.common.ForgeHooks/WP]: Gathering id map for writing to world save New World
[06Nov2025 23:45:15.784] [Render thread/DEBUG] [net.minecraftforge.common.ForgeHooks/WP]: ID Map collection complete New World
[06Nov2025 23:45:15.929] [Server thread/INFO] [net.minecraft.client.server.IntegratedServer/]: Starting integrated minecraft server version 1.20.1
[06Nov2025 23:45:15.930] [Server thread/INFO] [net.minecraft.server.MinecraftServer/]: Generating keypair
[06Nov2025 23:45:16.015] [Server thread/DEBUG] [net.minecraftforge.fml.config.ConfigTracker/CONFIG]: Loading configs type SERVER
[06Nov2025 23:45:16.016] [Server thread/DEBUG] [net.minecraftforge.fml.config.ConfigFileTypeHandler/CONFIG]: Built TOML config for .\saves\New World\serverconfig\forge-server.toml
[06Nov2025 23:45:16.017] [Server thread/DEBUG] [net.minecraftforge.fml.config.ConfigFileTypeHandler/CONFIG]: Loaded TOML config file .\saves\New World\serverconfig\forge-server.toml
[06Nov2025 23:45:16.019] [Server thread/DEBUG] [net.minecraftforge.fml.config.ConfigFileTypeHandler/CONFIG]: Watching TOML config file .\saves\New World\serverconfig\forge-server.toml for changes
[06Nov2025 23:45:16.019] [Server thread/DEBUG] [net.minecraftforge.common.ForgeConfig/FORGEMOD]: Loaded forge config file forge-server.toml
[06Nov2025 23:45:16.223] [Server thread/DEBUG] [net.minecraftforge.coremod.transformer.CoreModBaseTransformer/COREMOD]: Transforming net/minecraft/world/level/levelgen/PhantomSpawner
[06Nov2025 23:45:16.227] [Server thread/DEBUG] [net.minecraftforge.coremod.transformer.CoreModBaseTransformer/COREMOD]: Transforming net/minecraft/world/level/levelgen/PatrolSpawner
[06Nov2025 23:45:16.230] [Server thread/DEBUG] [net.minecraftforge.coremod.transformer.CoreModBaseTransformer/COREMOD]: Transforming net/minecraft/world/entity/npc/CatSpawner
[06Nov2025 23:45:16.234] [Server thread/DEBUG] [net.minecraftforge.coremod.transformer.CoreModBaseTransformer/COREMOD]: Transforming net/minecraft/world/entity/ai/village/VillageSiege
[06Nov2025 23:45:17.318] [Server thread/INFO] [net.minecraft.server.MinecraftServer/]: Preparing start region for dimension minecraft:overworld
[06Nov2025 23:45:18.576] [Server thread/DEBUG] [net.minecraftforge.coremod.transformer.CoreModBaseTransformer/COREMOD]: Transforming net/minecraft/world/level/levelgen/structure/templatesystem/StructureTemplate
[06Nov2025 23:45:20.044] [Render thread/INFO] [net.minecraft.server.level.progress.LoggerChunkProgressListener/]: Preparing spawn area: 0%
[06Nov2025 23:45:20.044] [Render thread/INFO] [net.minecraft.server.level.progress.LoggerChunkProgressListener/]: Preparing spawn area: 0%
[06Nov2025 23:45:20.045] [Render thread/INFO] [net.minecraft.server.level.progress.LoggerChunkProgressListener/]: Preparing spawn area: 0%
[06Nov2025 23:45:20.045] [Render thread/INFO] [net.minecraft.server.level.progress.LoggerChunkProgressListener/]: Preparing spawn area: 0%
[06Nov2025 23:45:20.045] [Render thread/INFO] [net.minecraft.server.level.progress.LoggerChunkProgressListener/]: Preparing spawn area: 0%
[06Nov2025 23:45:20.045] [Render thread/INFO] [net.minecraft.server.level.progress.LoggerChunkProgressListener/]: Preparing spawn area: 0%
[06Nov2025 23:45:20.341] [Render thread/INFO] [net.minecraft.server.level.progress.LoggerChunkProgressListener/]: Preparing spawn area: 3%
[06Nov2025 23:45:20.841] [Render thread/INFO] [net.minecraft.server.level.progress.LoggerChunkProgressListener/]: Preparing spawn area: 83%
[06Nov2025 23:45:20.942] [Render thread/INFO] [net.minecraft.server.level.progress.LoggerChunkProgressListener/]: Time elapsed: 3611 ms
[06Nov2025 23:45:20.946] [Server thread/INFO] [net.minecraftforge.server.permission.PermissionAPI/]: Successfully initialized permission handler forge:default_handler
[06Nov2025 23:45:21.065] [Server thread/DEBUG] [io.netty.buffer.AbstractByteBuf/]: -Dio.netty.buffer.checkAccessible: true
[06Nov2025 23:45:21.065] [Server thread/DEBUG] [io.netty.buffer.AbstractByteBuf/]: -Dio.netty.buffer.checkBounds: true
[06Nov2025 23:45:21.066] [Server thread/DEBUG] [io.netty.util.ResourceLeakDetectorFactory/]: Loaded default ResourceLeakDetector: io.netty.util.ResourceLeakDetector@58d318f1
[06Nov2025 23:45:21.090] [Server thread/DEBUG] [net.minecraftforge.coremod.transformer.CoreModBaseTransformer/COREMOD]: Transforming net/minecraft/world/level/NaturalSpawner
[06Nov2025 23:45:21.168] [Server thread/INFO] [net.minecraft.client.server.IntegratedServer/]: Changing view distance to 5, from 10
[06Nov2025 23:45:21.170] [Server thread/INFO] [net.minecraft.client.server.IntegratedServer/]: Changing simulation distance to 12, from 0
[06Nov2025 23:45:21.200] [Render thread/DEBUG] [io.netty.channel.MultithreadEventLoopGroup/]: -Dio.netty.eventLoopThreads: 36
[06Nov2025 23:45:21.222] [Render thread/DEBUG] [io.netty.util.internal.InternalThreadLocalMap/]: -Dio.netty.threadLocalMap.stringBuilder.initialSize: 1024
[06Nov2025 23:45:21.222] [Render thread/DEBUG] [io.netty.util.internal.InternalThreadLocalMap/]: -Dio.netty.threadLocalMap.stringBuilder.maxSize: 4096
[06Nov2025 23:45:21.230] [Render thread/DEBUG] [io.netty.channel.nio.NioEventLoop/]: -Dio.netty.noKeySetOptimization: false
[06Nov2025 23:45:21.230] [Render thread/DEBUG] [io.netty.channel.nio.NioEventLoop/]: -Dio.netty.selectorAutoRebuildThreshold: 512
[06Nov2025 23:45:21.234] [Render thread/DEBUG] [io.netty.util.internal.PlatformDependent/]: org.jctools-core.MpscChunkedArrayQueue: available
[06Nov2025 23:45:21.304] [Render thread/DEBUG] [io.netty.channel.DefaultChannelId/]: -Dio.netty.processId: 14972 (auto-detected)
[06Nov2025 23:45:21.313] [Render thread/WARN] [io.netty.util.internal.SystemPropertyUtil/]: Unable to parse the boolean system property 'java.net.preferIPv6Addresses':system - using the default value: false
[06Nov2025 23:45:21.314] [Render thread/DEBUG] [io.netty.util.NetUtil/]: -Djava.net.preferIPv4Stack: false
[06Nov2025 23:45:21.314] [Render thread/DEBUG] [io.netty.util.NetUtil/]: -Djava.net.preferIPv6Addresses: false
[06Nov2025 23:45:21.337] [Render thread/DEBUG] [io.netty.util.NetUtilInitializations/]: Loopback interface: lo (Software Loopback Interface 1, 127.0.0.1)
[06Nov2025 23:45:21.344] [Render thread/DEBUG] [io.netty.util.NetUtil/]: Failed to get SOMAXCONN from sysctl and file \proc\sys\net\core\somaxconn. Default: 200
[06Nov2025 23:45:21.371] [Render thread/DEBUG] [io.netty.channel.DefaultChannelId/]: -Dio.netty.machineId: 00:e0:4e:ff:fe:71:af:6f (auto-detected)
[06Nov2025 23:45:21.499] [Render thread/DEBUG] [io.netty.buffer.PooledByteBufAllocator/]: -Dio.netty.allocator.numHeapArenas: 36
[06Nov2025 23:45:21.499] [Render thread/DEBUG] [io.netty.buffer.PooledByteBufAllocator/]: -Dio.netty.allocator.numDirectArenas: 36
[06Nov2025 23:45:21.499] [Render thread/DEBUG] [io.netty.buffer.PooledByteBufAllocator/]: -Dio.netty.allocator.pageSize: 8192
[06Nov2025 23:45:21.499] [Render thread/DEBUG] [io.netty.buffer.PooledByteBufAllocator/]: -Dio.netty.allocator.maxOrder: 9
[06Nov2025 23:45:21.499] [Render thread/DEBUG] [io.netty.buffer.PooledByteBufAllocator/]: -Dio.netty.allocator.chunkSize: 4194304
[06Nov2025 23:45:21.499] [Render thread/DEBUG] [io.netty.buffer.PooledByteBufAllocator/]: -Dio.netty.allocator.smallCacheSize: 256
[06Nov2025 23:45:21.500] [Render thread/DEBUG] [io.netty.buffer.PooledByteBufAllocator/]: -Dio.netty.allocator.normalCacheSize: 64
[06Nov2025 23:45:21.500] [Render thread/DEBUG] [io.netty.buffer.PooledByteBufAllocator/]: -Dio.netty.allocator.maxCachedBufferCapacity: 32768
[06Nov2025 23:45:21.500] [Render thread/DEBUG] [io.netty.buffer.PooledByteBufAllocator/]: -Dio.netty.allocator.cacheTrimInterval: 8192
[06Nov2025 23:45:21.500] [Render thread/DEBUG] [io.netty.buffer.PooledByteBufAllocator/]: -Dio.netty.allocator.cacheTrimIntervalMillis: 0
[06Nov2025 23:45:21.500] [Render thread/DEBUG] [io.netty.buffer.PooledByteBufAllocator/]: -Dio.netty.allocator.useCacheForAllThreads: false
[06Nov2025 23:45:21.500] [Render thread/DEBUG] [io.netty.buffer.PooledByteBufAllocator/]: -Dio.netty.allocator.maxCachedByteBuffersPerChunk: 1023
[06Nov2025 23:45:21.558] [Render thread/DEBUG] [io.netty.buffer.ByteBufUtil/]: -Dio.netty.allocator.type: pooled
[06Nov2025 23:45:21.559] [Render thread/DEBUG] [io.netty.buffer.ByteBufUtil/]: -Dio.netty.threadLocalDirectBufferSize: 0
[06Nov2025 23:45:21.559] [Render thread/DEBUG] [io.netty.buffer.ByteBufUtil/]: -Dio.netty.maxThreadLocalCharBufferSize: 16384
[06Nov2025 23:45:21.702] [Netty Local Client IO #0/DEBUG] [net.minecraftforge.network.HandshakeHandler/FMLHANDSHAKE]: Starting local connection.
[06Nov2025 23:45:22.234] [Netty Local Client IO #0/DEBUG] [io.netty.util.Recycler/]: -Dio.netty.recycler.maxCapacityPerThread: 4096
[06Nov2025 23:45:22.235] [Netty Local Client IO #0/DEBUG] [io.netty.util.Recycler/]: -Dio.netty.recycler.ratio: 8
[06Nov2025 23:45:22.235] [Netty Local Client IO #0/DEBUG] [io.netty.util.Recycler/]: -Dio.netty.recycler.chunkSize: 32
[06Nov2025 23:45:22.235] [Netty Local Client IO #0/DEBUG] [io.netty.util.Recycler/]: -Dio.netty.recycler.blocking: false
[06Nov2025 23:45:22.272] [Netty Server IO #1/DEBUG] [net.minecraftforge.network.HandshakeHandler/FMLHANDSHAKE]: Starting local connection.
[06Nov2025 23:45:22.326] [Server thread/DEBUG] [net.minecraftforge.network.HandshakeHandler/FMLHANDSHAKE]: Sending ticking packet info 'net.minecraftforge.network.HandshakeMessages$S2CModData' to 'fml:handshake' sequence 0
[06Nov2025 23:45:22.338] [Netty Local Client IO #0/DEBUG] [net.minecraftforge.network.LoginWrapper/FMLHANDSHAKE]: Recieved login wrapper packet event for channel fml:handshake with index 0
[06Nov2025 23:45:22.371] [Server thread/DEBUG] [net.minecraftforge.network.HandshakeHandler/FMLHANDSHAKE]: Sending ticking packet info 'net.minecraftforge.network.HandshakeMessages$S2CModList' to 'fml:handshake' sequence 1
[06Nov2025 23:45:22.371] [Netty Local Client IO #0/DEBUG] [net.minecraftforge.network.LoginWrapper/FMLHANDSHAKE]: Recieved login wrapper packet event for channel fml:handshake with index 1
[06Nov2025 23:45:22.373] [Netty Local Client IO #0/DEBUG] [net.minecraftforge.network.HandshakeHandler/FMLHANDSHAKE]: Logging into server with mod list [minecraft, forge, cum]
[06Nov2025 23:45:22.379] [Netty Local Client IO #0/DEBUG] [net.minecraftforge.network.NetworkRegistry/NETREGISTRY]: Channel 'cum:cum' : Version test of '1' from server : ACCEPTED
[06Nov2025 23:45:22.380] [Netty Local Client IO #0/DEBUG] [net.minecraftforge.network.NetworkRegistry/NETREGISTRY]: Channel 'fml:loginwrapper' : Version test of 'FML3' from server : ACCEPTED
[06Nov2025 23:45:22.380] [Netty Local Client IO #0/DEBUG] [net.minecraftforge.network.NetworkRegistry/NETREGISTRY]: Channel 'forge:tier_sorting' : Version test of '1.0' from server : ACCEPTED
[06Nov2025 23:45:22.380] [Netty Local Client IO #0/DEBUG] [net.minecraftforge.network.NetworkRegistry/NETREGISTRY]: Channel 'fml:handshake' : Version test of 'FML3' from server : ACCEPTED
[06Nov2025 23:45:22.380] [Netty Local Client IO #0/DEBUG] [net.minecraftforge.network.NetworkRegistry/NETREGISTRY]: Channel 'minecraft:unregister' : Version test of 'FML3' from server : ACCEPTED
[06Nov2025 23:45:22.380] [Netty Local Client IO #0/DEBUG] [net.minecraftforge.network.NetworkRegistry/NETREGISTRY]: Channel 'fml:play' : Version test of 'FML3' from server : ACCEPTED
[06Nov2025 23:45:22.380] [Netty Local Client IO #0/DEBUG] [net.minecraftforge.network.NetworkRegistry/NETREGISTRY]: Channel 'minecraft:register' : Version test of 'FML3' from server : ACCEPTED
[06Nov2025 23:45:22.380] [Netty Local Client IO #0/DEBUG] [net.minecraftforge.network.NetworkRegistry/NETREGISTRY]: Channel 'forge:split' : Version test of '1.1' from server : ACCEPTED
[06Nov2025 23:45:22.380] [Netty Local Client IO #0/DEBUG] [net.minecraftforge.network.NetworkRegistry/NETREGISTRY]: Accepting channel list from server
[06Nov2025 23:45:22.386] [Netty Local Client IO #0/DEBUG] [net.minecraftforge.network.LoginWrapper/FMLHANDSHAKE]: Dispatching wrapped packet reply for channel fml:handshake with index 1
[06Nov2025 23:45:22.387] [Netty Local Client IO #0/DEBUG] [net.minecraftforge.network.HandshakeHandler/FMLHANDSHAKE]: Accepted server connection
[06Nov2025 23:45:22.387] [Netty Server IO #1/DEBUG] [net.minecraftforge.network.LoginWrapper/FMLHANDSHAKE]: Recieved login wrapper packet event for channel fml:handshake with index 1
[06Nov2025 23:45:22.387] [Netty Server IO #1/DEBUG] [net.minecraftforge.network.HandshakeHandler/FMLHANDSHAKE]: Received client indexed reply 1 of type net.minecraftforge.network.HandshakeMessages$C2SModListReply
[06Nov2025 23:45:22.388] [Netty Server IO #1/DEBUG] [net.minecraftforge.network.HandshakeHandler/FMLHANDSHAKE]: Received client connection with modlist [minecraft, forge, cum]
[06Nov2025 23:45:22.389] [Netty Local Client IO #0/DEBUG] [net.minecraftforge.network.HandshakeHandler/REGISTRIES]: Expecting 19 registries: [minecraft:command_argument_type, minecraft:recipe_serializer, minecraft:sound_event, minecraft:particle_type, minecraft:villager_profession, minecraft:item, minecraft:potion, minecraft:painting_variant, forge:fluid_type, minecraft:block_entity_type, forge:display_contexts, minecraft:block, forge:entity_data_serializers, minecraft:mob_effect, minecraft:stat_type, minecraft:menu, minecraft:enchantment, minecraft:fluid, minecraft:entity_type]
[06Nov2025 23:45:22.389] [Netty Server IO #1/DEBUG] [net.minecraftforge.network.NetworkRegistry/NETREGISTRY]: Channel 'cum:cum' : Version test of '1' from client : ACCEPTED
[06Nov2025 23:45:22.389] [Netty Server IO #1/DEBUG] [net.minecraftforge.network.NetworkRegistry/NETREGISTRY]: Channel 'fml:loginwrapper' : Version test of 'FML3' from client : ACCEPTED
[06Nov2025 23:45:22.389] [Netty Server IO #1/DEBUG] [net.minecraftforge.network.NetworkRegistry/NETREGISTRY]: Channel 'forge:tier_sorting' : Version test of '1.0' from client : ACCEPTED
[06Nov2025 23:45:22.389] [Netty Server IO #1/DEBUG] [net.minecraftforge.network.NetworkRegistry/NETREGISTRY]: Channel 'fml:handshake' : Version test of 'FML3' from client : ACCEPTED
[06Nov2025 23:45:22.389] [Netty Server IO #1/DEBUG] [net.minecraftforge.network.NetworkRegistry/NETREGISTRY]: Channel 'minecraft:unregister' : Version test of 'FML3' from client : ACCEPTED
[06Nov2025 23:45:22.389] [Netty Server IO #1/DEBUG] [net.minecraftforge.network.NetworkRegistry/NETREGISTRY]: Channel 'fml:play' : Version test of 'FML3' from client : ACCEPTED
[06Nov2025 23:45:22.389] [Netty Server IO #1/DEBUG] [net.minecraftforge.network.NetworkRegistry/NETREGISTRY]: Channel 'minecraft:register' : Version test of 'FML3' from client : ACCEPTED
[06Nov2025 23:45:22.389] [Netty Server IO #1/DEBUG] [net.minecraftforge.network.NetworkRegistry/NETREGISTRY]: Channel 'forge:split' : Version test of '1.1' from client : ACCEPTED
[06Nov2025 23:45:22.389] [Netty Server IO #1/DEBUG] [net.minecraftforge.network.NetworkRegistry/NETREGISTRY]: Accepting channel list from client
[06Nov2025 23:45:22.390] [Netty Server IO #1/DEBUG] [net.minecraftforge.network.HandshakeHandler/FMLHANDSHAKE]: Accepted client connection mod list
[06Nov2025 23:45:22.434] [Server thread/DEBUG] [net.minecraftforge.network.HandshakeHandler/FMLHANDSHAKE]: Sending ticking packet info 'Config forge-server.toml' to 'fml:handshake' sequence 2
[06Nov2025 23:45:22.435] [Netty Local Client IO #0/DEBUG] [net.minecraftforge.network.LoginWrapper/FMLHANDSHAKE]: Recieved login wrapper packet event for channel fml:handshake with index 2
[06Nov2025 23:45:22.435] [Netty Local Client IO #0/DEBUG] [net.minecraftforge.network.HandshakeHandler/FMLHANDSHAKE]: Received config sync from server
[06Nov2025 23:45:22.435] [Netty Local Client IO #0/DEBUG] [net.minecraftforge.network.LoginWrapper/FMLHANDSHAKE]: Dispatching wrapped packet reply for channel fml:handshake with index 2
[06Nov2025 23:45:22.436] [Netty Server IO #1/DEBUG] [net.minecraftforge.network.LoginWrapper/FMLHANDSHAKE]: Recieved login wrapper packet event for channel fml:handshake with index 2
[06Nov2025 23:45:22.436] [Netty Server IO #1/DEBUG] [net.minecraftforge.network.HandshakeHandler/FMLHANDSHAKE]: Received client indexed reply 2 of type net.minecraftforge.network.HandshakeMessages$C2SAcknowledge
[06Nov2025 23:45:22.436] [Netty Server IO #1/DEBUG] [net.minecraftforge.network.HandshakeHandler/FMLHANDSHAKE]: Received acknowledgement from client
[06Nov2025 23:45:22.475] [Server thread/DEBUG] [net.minecraftforge.network.HandshakeHandler/FMLHANDSHAKE]: Handshake complete!
[06Nov2025 23:45:22.519] [Netty Local Client IO #0/INFO] [net.minecraftforge.network.NetworkHooks/]: Connected to a modded server.
[06Nov2025 23:45:22.671] [Server thread/INFO] [net.minecraft.server.players.PlayerList/]: Dev[local:E:fd7bc84f] logged in with entity id 435 at (-37.06696094022609, 87.0, -103.18700980715172)
[06Nov2025 23:45:22.774] [Server thread/INFO] [net.minecraft.server.MinecraftServer/]: Dev joined the game
[06Nov2025 23:45:23.428] [Render thread/INFO] [net.minecraft.advancements.AdvancementList/]: Loaded 104 advancements
[06Nov2025 23:45:24.764] [Server thread/DEBUG] [io.netty.util.internal.ThreadLocalRandom/]: -Dio.netty.initialSeedUniquifier: 0x951d5ae19d3e9492
[06Nov2025 23:45:53.666] [Server thread/INFO] [net.minecraft.world.entity.LivingEntity/]: Named entity PresideEntity['Preside'/2637, l='ServerLevel[New World]', x=-56.57, y=91.00, z=-160.89] died: Preside fell from a high place
[06Nov2025 23:45:53.966] [Server thread/INFO] [net.minecraft.world.entity.LivingEntity/]: Named entity PresideEntity['Preside'/2711, l='ServerLevel[New World]', x=-51.65, y=97.00, z=-168.09] died: Preside fell from a high place
[06Nov2025 23:45:54.064] [Server thread/INFO] [net.minecraft.world.entity.LivingEntity/]: Named entity PresideEntity['Preside'/2684, l='ServerLevel[New World]', x=-56.23, y=90.00, z=-164.22] died: Preside fell from a high place
[06Nov2025 23:45:54.220] [Server thread/INFO] [net.minecraft.world.entity.LivingEntity/]: Named entity PresideEntity['Preside'/2702, l='ServerLevel[New World]', x=-55.67, y=89.00, z=-165.69] died: Preside fell from a high place
[06Nov2025 23:45:54.221] [Server thread/INFO] [net.minecraft.world.entity.LivingEntity/]: Named entity PresideEntity['Preside'/2733, l='ServerLevel[New World]', x=-56.91, y=95.00, z=-167.40] died: Preside fell from a high place
[06Nov2025 23:45:54.265] [Server thread/INFO] [net.minecraft.world.entity.LivingEntity/]: Named entity PresideEntity['Preside'/2736, l='ServerLevel[New World]', x=-54.95, y=95.00, z=-168.34] died: Preside fell from a high place
[06Nov2025 23:45:54.365] [Server thread/INFO] [net.minecraft.world.entity.LivingEntity/]: Named entity PresideEntity['Preside'/2722, l='ServerLevel[New World]', x=-55.96, y=90.00, z=-165.02] died: Preside fell from a high place
[06Nov2025 23:45:54.419] [Server thread/INFO] [net.minecraft.world.entity.LivingEntity/]: Named entity PresideEntity['Preside'/2654, l='ServerLevel[New World]', x=-55.31, y=91.00, z=-161.43] died: Preside fell from a high place
[06Nov2025 23:45:54.422] [Server thread/INFO] [net.minecraft.world.entity.LivingEntity/]: Named entity PresideEntity['Preside'/2758, l='ServerLevel[New World]', x=-57.10, y=95.00, z=-167.89] died: Preside fell from a high place
[06Nov2025 23:45:54.513] [Server thread/INFO] [net.minecraft.world.entity.LivingEntity/]: Named entity PresideEntity['Preside'/2778, l='ServerLevel[New World]', x=-56.20, y=95.00, z=-168.28] died: Preside fell from a high place
[06Nov2025 23:45:54.566] [Server thread/INFO] [net.minecraft.world.entity.LivingEntity/]: Named entity PresideEntity['Preside'/2747, l='ServerLevel[New World]', x=-52.30, y=90.00, z=-168.44] died: Preside fell from a high place
[06Nov2025 23:45:54.568] [Server thread/INFO] [net.minecraft.world.entity.LivingEntity/]: Named entity PresideEntity['Preside'/2782, l='ServerLevel[New World]', x=-56.47, y=95.00, z=-169.02] died: Preside fell from a high place
[06Nov2025 23:45:54.717] [Server thread/INFO] [net.minecraft.world.entity.LivingEntity/]: Named entity PresideEntity['Preside'/2774, l='ServerLevel[New World]', x=-53.50, y=89.00, z=-168.38] died: Preside fell from a high place
[06Nov2025 23:45:54.762] [Server thread/INFO] [net.minecraft.world.entity.LivingEntity/]: Named entity PresideEntity['Preside'/2797, l='ServerLevel[New World]', x=-57.60, y=93.00, z=-170.20] died: Preside fell from a high place
[06Nov2025 23:45:54.862] [Server thread/INFO] [net.minecraft.world.entity.LivingEntity/]: Named entity PresideEntity['Preside'/2793, l='ServerLevel[New World]', x=-54.60, y=89.00, z=-173.05] died: Preside fell from a high place
[06Nov2025 23:45:54.863] [Server thread/INFO] [net.minecraft.world.entity.LivingEntity/]: Named entity PresideEntity['Preside'/2809, l='ServerLevel[New World]', x=-59.09, y=93.00, z=-167.13] died: Preside fell from a high place
[06Nov2025 23:45:54.963] [Server thread/INFO] [net.minecraft.world.entity.LivingEntity/]: Named entity PresideEntity['Preside'/2803, l='ServerLevel[New World]', x=-58.59, y=88.00, z=-174.17] died: Preside fell from a high place
[06Nov2025 23:45:54.964] [Server thread/INFO] [net.minecraft.world.entity.LivingEntity/]: Named entity PresideEntity['Preside'/2816, l='ServerLevel[New World]', x=-57.90, y=91.00, z=-172.51] died: Preside fell from a high place
[06Nov2025 23:45:54.964] [Server thread/INFO] [net.minecraft.world.entity.LivingEntity/]: Named entity PresideEntity['Preside'/2819, l='ServerLevel[New World]', x=-59.14, y=93.00, z=-166.24] died: Preside fell from a high place
[06Nov2025 23:45:55.063] [Server thread/INFO] [net.minecraft.world.entity.LivingEntity/]: Named entity PresideEntity['Preside'/2822, l='ServerLevel[New World]', x=-58.73, y=91.00, z=-171.44] died: Preside fell from a high place
[06Nov2025 23:45:55.115] [Server thread/INFO] [net.minecraft.world.entity.LivingEntity/]: Named entity PresideEntity['Preside'/2824, l='ServerLevel[New World]', x=-61.49, y=91.00, z=-168.24] died: Preside fell from a high place
[06Nov2025 23:45:55.115] [Server thread/INFO] [net.minecraft.world.entity.LivingEntity/]: Named entity PresideEntity['Preside'/2826, l='ServerLevel[New World]', x=-59.47, y=93.00, z=-169.71] died: Preside fell from a high place
[06Nov2025 23:45:55.312] [Server thread/INFO] [net.minecraft.world.entity.LivingEntity/]: Named entity PresideEntity['Preside'/2832, l='ServerLevel[New World]', x=-61.53, y=89.00, z=-173.53] died: Preside fell from a high place
[06Nov2025 23:45:55.313] [Server thread/INFO] [net.minecraft.world.entity.LivingEntity/]: Named entity PresideEntity['Preside'/2838, l='ServerLevel[New World]', x=-59.99, y=90.00, z=-167.06] died: Preside fell from a high place
[06Nov2025 23:45:55.314] [Server thread/INFO] [net.minecraft.world.entity.LivingEntity/]: Named entity PresideEntity['Preside'/2842, l='ServerLevel[New World]', x=-61.03, y=91.00, z=-172.70] died: Preside fell from a high place
[06Nov2025 23:45:55.364] [Server thread/INFO] [net.minecraft.world.entity.LivingEntity/]: Named entity PresideEntity['Preside'/2846, l='ServerLevel[New World]', x=-59.15, y=93.00, z=-166.48] died: Preside fell from a high place
[06Nov2025 23:45:55.414] [Server thread/INFO] [net.minecraft.world.entity.LivingEntity/]: Named entity PresideEntity['Preside'/2844, l='ServerLevel[New World]', x=-64.80, y=90.00, z=-171.72] died: Preside fell from a high place
[06Nov2025 23:45:55.415] [Server thread/INFO] [net.minecraft.world.entity.LivingEntity/]: Named entity PresideEntity['Preside'/2848, l='ServerLevel[New World]', x=-60.83, y=93.00, z=-170.87] died: Preside fell from a high place
[06Nov2025 23:45:55.568] [Server thread/INFO] [net.minecraft.world.entity.LivingEntity/]: Named entity PresideEntity['Preside'/2850, l='ServerLevel[New World]', x=-66.14, y=90.00, z=-170.04] died: Preside fell from a high place
[06Nov2025 23:45:55.618] [Server thread/INFO] [net.minecraft.world.entity.LivingEntity/]: Named entity PresideEntity['Preside'/2852, l='ServerLevel[New World]', x=-60.06, y=90.00, z=-165.73] died: Preside fell from a high place
[06Nov2025 23:45:55.619] [Server thread/INFO] [net.minecraft.world.entity.LivingEntity/]: Named entity PresideEntity['Preside'/2857, l='ServerLevel[New World]', x=-62.30, y=91.00, z=-170.13] died: Preside fell from a high place
[06Nov2025 23:45:55.720] [Server thread/INFO] [net.minecraft.world.entity.LivingEntity/]: Named entity PresideEntity['Preside'/2862, l='ServerLevel[New World]', x=-66.87, y=90.00, z=-169.43] died: Preside fell from a high place
[06Nov2025 23:45:55.767] [Server thread/INFO] [net.minecraft.world.entity.LivingEntity/]: Named entity PresideEntity['Preside'/2864, l='ServerLevel[New World]', x=-62.66, y=90.00, z=-167.48] died: Preside fell from a high place
[06Nov2025 23:45:55.817] [Server thread/INFO] [net.minecraft.world.entity.LivingEntity/]: Named entity PresideEntity['Preside'/2882, l='ServerLevel[New World]', x=-63.83, y=90.00, z=-167.58] died: Preside fell from a high place
[06Nov2025 23:45:55.868] [Server thread/INFO] [net.minecraft.world.entity.LivingEntity/]: Named entity PresideEntity['Preside'/2885, l='ServerLevel[New World]', x=-62.88, y=90.00, z=-165.36] died: Preside fell from a high place
[06Nov2025 23:45:55.918] [Server thread/INFO] [net.minecraft.world.entity.LivingEntity/]: Named entity PresideEntity['Preside'/2892, l='ServerLevel[New World]', x=-67.33, y=90.00, z=-167.55] died: Preside fell from a high place
[06Nov2025 23:45:55.919] [Server thread/INFO] [net.minecraft.world.entity.LivingEntity/]: Named entity PresideEntity['Preside'/2894, l='ServerLevel[New World]', x=-63.09, y=91.00, z=-163.69] died: Preside fell from a high place
[06Nov2025 23:45:56.018] [Server thread/INFO] [net.minecraft.world.entity.LivingEntity/]: Named entity PresideEntity['Preside'/2898, l='ServerLevel[New World]', x=-62.94, y=90.00, z=-166.21] died: Preside fell from a high place
[06Nov2025 23:45:56.062] [Server thread/INFO] [net.minecraft.world.entity.LivingEntity/]: Named entity PresideEntity['Preside'/2900, l='ServerLevel[New World]', x=-68.30, y=90.00, z=-165.83] died: Preside fell from a high place
[06Nov2025 23:45:56.118] [Server thread/INFO] [net.minecraft.world.entity.LivingEntity/]: Named entity PresideEntity['Preside'/2902, l='ServerLevel[New World]', x=-65.52, y=90.00, z=-164.55] died: Preside fell from a high place
[06Nov2025 23:45:56.167] [Server thread/INFO] [net.minecraft.world.entity.LivingEntity/]: Named entity PresideEntity['Preside'/2904, l='ServerLevel[New World]', x=-66.50, y=90.00, z=-164.80] died: Preside fell from a high place
[06Nov2025 23:45:56.167] [Server thread/INFO] [net.minecraft.world.entity.LivingEntity/]: Named entity PresideEntity['Preside'/2906, l='ServerLevel[New World]', x=-66.08, y=91.00, z=-164.01] died: Preside fell from a high place
[06Nov2025 23:45:56.215] [Server thread/INFO] [net.minecraft.world.entity.LivingEntity/]: Named entity PresideEntity['Preside'/2908, l='ServerLevel[New World]', x=-63.76, y=91.00, z=-162.20] died: Preside fell from a high place
[06Nov2025 23:45:56.268] [Server thread/INFO] [net.minecraft.world.entity.LivingEntity/]: Named entity PresideEntity['Preside'/2910, l='ServerLevel[New World]', x=-68.20, y=91.00, z=-163.16] died: Preside fell from a high place
[06Nov2025 23:45:56.316] [Server thread/INFO] [net.minecraft.world.entity.LivingEntity/]: Named entity PresideEntity['Preside'/2912, l='ServerLevel[New World]', x=-65.26, y=91.00, z=-161.16] died: Preside fell from a high place
[06Nov2025 23:45:56.371] [Server thread/INFO] [net.minecraft.world.entity.LivingEntity/]: Named entity PresideEntity['Preside'/2914, l='ServerLevel[New World]', x=-67.80, y=91.00, z=-162.54] died: Preside fell from a high place
[06Nov2025 23:45:56.415] [Server thread/INFO] [net.minecraft.world.entity.LivingEntity/]: Named entity PresideEntity['Preside'/2916, l='ServerLevel[New World]', x=-69.95, y=91.00, z=-159.84] died: Preside fell from a high place
[06Nov2025 23:45:56.466] [Server thread/INFO] [net.minecraft.world.entity.LivingEntity/]: Named entity PresideEntity['Preside'/2918, l='ServerLevel[New World]', x=-66.77, y=91.00, z=-160.58] died: Preside fell from a high place
[06Nov2025 23:45:56.517] [Server thread/INFO] [net.minecraft.world.entity.LivingEntity/]: Named entity PresideEntity['Preside'/2920, l='ServerLevel[New World]', x=-68.11, y=91.00, z=-159.31] died: Preside fell from a high place
[06Nov2025 23:45:56.565] [Server thread/INFO] [net.minecraft.world.entity.LivingEntity/]: Named entity PresideEntity['Preside'/2933, l='ServerLevel[New World]', x=-66.14, y=91.00, z=-159.57] died: Preside fell from a high place
[06Nov2025 23:45:56.618] [Server thread/INFO] [net.minecraft.world.entity.LivingEntity/]: Named entity PresideEntity['Preside'/2942, l='ServerLevel[New World]', x=-63.48, y=92.00, z=-159.00] died: Preside fell from a high place
[06Nov2025 23:45:56.668] [Server thread/INFO] [net.minecraft.world.entity.LivingEntity/]: Named entity PresideEntity['Preside'/2950, l='ServerLevel[New World]', x=-68.44, y=91.00, z=-160.85] died: Preside fell from a high place
[06Nov2025 23:45:56.717] [Server thread/INFO] [net.minecraft.world.entity.LivingEntity/]: Named entity PresideEntity['Preside'/2952, l='ServerLevel[New World]', x=-66.41, y=92.00, z=-158.20] died: Preside fell from a high place
[06Nov2025 23:45:56.768] [Server thread/INFO] [net.minecraft.world.entity.LivingEntity/]: Named entity PresideEntity['Preside'/2970, l='ServerLevel[New World]', x=-68.34, y=92.00, z=-155.69] died: Preside fell from a high place
[06Nov2025 23:45:56.813] [Server thread/INFO] [net.minecraft.world.entity.LivingEntity/]: Named entity PresideEntity['Preside'/2972, l='ServerLevel[New World]', x=-63.61, y=91.00, z=-159.54] died: Preside fell from a high place
[06Nov2025 23:45:56.869] [Server thread/INFO] [net.minecraft.world.entity.LivingEntity/]: Named entity PresideEntity['Preside'/2975, l='ServerLevel[New World]', x=-66.71, y=92.00, z=-157.57] died: Preside fell from a high place
[06Nov2025 23:45:56.916] [Server thread/INFO] [net.minecraft.world.entity.LivingEntity/]: Named entity PresideEntity['Preside'/2977, l='ServerLevel[New World]', x=-66.72, y=92.00, z=-155.61] died: Preside fell from a high place
[06Nov2025 23:45:56.967] [Server thread/INFO] [net.minecraft.world.entity.LivingEntity/]: Named entity PresideEntity['Preside'/2979, l='ServerLevel[New World]', x=-62.35, y=91.00, z=-158.84] died: Preside fell from a high place
[06Nov2025 23:45:56.968] [Server thread/INFO] [net.minecraft.world.entity.LivingEntity/]: Named entity PresideEntity['Preside'/2981, l='ServerLevel[New World]', x=-65.02, y=93.00, z=-155.80] died: Preside fell from a high place
[06Nov2025 23:45:56.969] [Server thread/INFO] [net.minecraft.world.entity.LivingEntity/]: Named entity PresideEntity['Preside'/2983, l='ServerLevel[New World]', x=-64.18, y=94.00, z=-154.75] died: Preside fell from a high place
[06Nov2025 23:45:57.062] [Server thread/INFO] [net.minecraft.world.entity.LivingEntity/]: Named entity PresideEntity['Preside'/2988, l='ServerLevel[New World]', x=-63.73, y=94.00, z=-155.35] died: Preside fell from a high place
[06Nov2025 23:45:57.063] [Server thread/INFO] [net.minecraft.world.entity.LivingEntity/]: Named entity PresideEntity['Preside'/3002, l='ServerLevel[New World]', x=-64.49, y=96.00, z=-154.11] died: Preside fell from a high place
[06Nov2025 23:45:57.117] [Server thread/INFO] [net.minecraft.world.entity.LivingEntity/]: Named entity PresideEntity['Preside'/2986, l='ServerLevel[New World]', x=-64.54, y=92.00, z=-157.94] died: Preside fell from a high place
[06Nov2025 23:45:57.118] [Server thread/INFO] [net.minecraft.world.entity.LivingEntity/]: Named entity PresideEntity['Preside'/2990, l='ServerLevel[New World]', x=-62.50, y=94.00, z=-155.50] died: Preside fell from a high place
[06Nov2025 23:45:57.169] [Server thread/INFO] [net.minecraft.world.entity.LivingEntity/]: Named entity PresideEntity['Preside'/3007, l='ServerLevel[New World]', x=-61.21, y=96.00, z=-157.48] died: Preside fell from a high place
[06Nov2025 23:45:57.215] [Server thread/INFO] [net.minecraft.world.entity.LivingEntity/]: Named entity PresideEntity['Preside'/3004, l='ServerLevel[New World]', x=-62.92, y=94.00, z=-153.49] died: Preside fell from a high place
[06Nov2025 23:45:57.265] [Server thread/INFO] [net.minecraft.world.entity.LivingEntity/]: Named entity PresideEntity['Preside'/3009, l='ServerLevel[New World]', x=-60.96, y=95.00, z=-153.20] died: Preside fell from a high place
[06Nov2025 23:45:57.368] [Server thread/INFO] [net.minecraft.world.entity.LivingEntity/]: Named entity PresideEntity['Preside'/3013, l='ServerLevel[New World]', x=-60.50, y=94.00, z=-154.50] died: Preside fell from a high place
[06Nov2025 23:45:57.419] [Server thread/INFO] [net.minecraft.world.entity.LivingEntity/]: Named entity PresideEntity['Preside'/3016, l='ServerLevel[New World]', x=-58.64, y=94.00, z=-155.39] died: Preside fell from a high place
[06Nov2025 23:45:57.419] [Server thread/INFO] [net.minecraft.world.entity.LivingEntity/]: Named entity PresideEntity['Preside'/3018, l='ServerLevel[New World]', x=-60.33, y=95.00, z=-152.09] died: Preside fell from a high place
[06Nov2025 23:45:57.467] [Server thread/INFO] [net.minecraft.world.entity.LivingEntity/]: Named entity PresideEntity['Preside'/3020, l='ServerLevel[New World]', x=-60.38, y=95.00, z=-149.69] died: Preside fell from a high place
[06Nov2025 23:45:57.564] [Server thread/INFO] [net.minecraft.world.entity.LivingEntity/]: Named entity PresideEntity['Preside'/3030, l='ServerLevel[New World]', x=-60.17, y=94.00, z=-154.82] died: Preside fell from a high place
[06Nov2025 23:45:57.616] [Server thread/INFO] [net.minecraft.world.entity.LivingEntity/]: Named entity PresideEntity['Preside'/3032, l='ServerLevel[New World]', x=-57.85, y=94.00, z=-153.55] died: Preside fell from a high place
[06Nov2025 23:45:57.667] [Server thread/INFO] [net.minecraft.world.entity.LivingEntity/]: Named entity PresideEntity['Preside'/3037, l='ServerLevel[New World]', x=-55.75, y=94.00, z=-152.40] died: Preside fell from a high place
[06Nov2025 23:45:57.726] [Server thread/INFO] [net.minecraft.world.entity.LivingEntity/]: Named entity PresideEntity['Preside'/3039, l='ServerLevel[New World]', x=-54.62, y=94.00, z=-154.03] died: Preside fell from a high place
[06Nov2025 23:45:57.727] [Server thread/INFO] [net.minecraft.world.entity.LivingEntity/]: Named entity PresideEntity['Preside'/3042, l='ServerLevel[New World]', x=-59.12, y=95.00, z=-151.92] died: Preside fell from a high place
[06Nov2025 23:45:57.767] [Server thread/INFO] [net.minecraft.world.entity.LivingEntity/]: Named entity PresideEntity['Preside'/3044, l='ServerLevel[New World]', x=-56.44, y=95.00, z=-150.06] died: Preside fell from a high place
[06Nov2025 23:45:57.817] [Server thread/INFO] [net.minecraft.world.entity.LivingEntity/]: Named entity PresideEntity['Preside'/3048, l='ServerLevel[New World]', x=-55.27, y=95.00, z=-153.31] died: Preside fell from a high place
[06Nov2025 23:45:57.879] [Server thread/INFO] [net.minecraft.world.entity.LivingEntity/]: Named entity PresideEntity['Preside'/3059, l='ServerLevel[New World]', x=-56.19, y=95.00, z=-152.08] died: Preside fell from a high place
[06Nov2025 23:45:57.917] [Server thread/INFO] [net.minecraft.world.entity.LivingEntity/]: Named entity PresideEntity['Preside'/3063, l='ServerLevel[New World]', x=-56.22, y=95.00, z=-148.65] died: Preside fell from a high place
[06Nov2025 23:45:57.968] [Server thread/INFO] [net.minecraft.world.entity.LivingEntity/]: Named entity PresideEntity['Preside'/3066, l='ServerLevel[New World]', x=-54.36, y=95.00, z=-150.76] died: Preside fell from a high place
[06Nov2025 23:45:58.013] [Server thread/INFO] [net.minecraft.world.entity.LivingEntity/]: Named entity PresideEntity['Preside'/3068, l='ServerLevel[New World]', x=-53.11, y=95.00, z=-150.15] died: Preside fell from a high place
[06Nov2025 23:46:07.095] [Server thread/INFO] [net.minecraft.server.MinecraftServer/]: [Dev: Set own game mode to Survival Mode]
[06Nov2025 23:46:07.098] [Render thread/INFO] [net.minecraft.client.gui.components.ChatComponent/]: [System] [CHAT] Set own game mode to Survival Mode
[06Nov2025 23:47:04.415] [Server thread/INFO] [net.minecraft.server.MinecraftServer/]: [Dev: Gave 1 [La Pianta] to Dev]
[06Nov2025 23:47:04.422] [Render thread/INFO] [net.minecraft.client.gui.components.ChatComponent/]: [System] [CHAT] Gave 1 [La Pianta] to Dev
[06Nov2025 23:47:11.818] [Server thread/INFO] [net.minecraft.world.entity.LivingEntity/]: Named entity PresideEntity['Preside'/2433, l='ServerLevel[New World]', x=-42.55, y=94.92, z=-168.34] died: Preside was shot by Malicious Face
[06Nov2025 23:47:12.170] [Server thread/INFO] [net.minecraft.world.entity.LivingEntity/]: Named entity PresideEntity['Preside'/2717, l='ServerLevel[New World]', x=-42.36, y=95.00, z=-163.45] died: Preside was shot by Malicious Face
[06Nov2025 23:47:12.520] [Server thread/INFO] [net.minecraft.world.entity.LivingEntity/]: Named entity PresideEntity['Preside'/2290, l='ServerLevel[New World]', x=-42.26, y=95.00, z=-158.49] died: Preside was shot by Malicious Face
[06Nov2025 23:47:18.765] [Server thread/INFO] [net.minecraft.server.MinecraftServer/]: Dev was slain by Malicious Face
[06Nov2025 23:47:18.769] [Render thread/INFO] [net.minecraft.client.gui.components.ChatComponent/]: [System] [CHAT] Dev was slain by Malicious Face
[06Nov2025 23:47:26.854] [Server thread/INFO] [net.minecraft.server.MinecraftServer/]: You defy the light.
[06Nov2025 23:47:26.876] [Render thread/INFO] [net.minecraft.client.gui.components.ChatComponent/]: [System] [CHAT] You defy the light.
[06Nov2025 23:47:28.352] [Render thread/WARN] [net.minecraft.client.sounds.SoundEngine/SOUNDS]: Unable to play empty soundEvent: cum:gb_hurt2
[06Nov2025 23:47:28.709] [Server thread/INFO] [net.minecraft.server.MinecraftServer/]: Dev was shot by Gabriel, judge of Hell
[06Nov2025 23:47:28.714] [Render thread/INFO] [net.minecraft.client.gui.components.ChatComponent/]: [System] [CHAT] Dev was shot by Gabriel, judge of Hell
[06Nov2025 23:47:32.248] [Server thread/INFO] [net.minecraft.client.server.IntegratedServer/]: Saving and pausing game...
[06Nov2025 23:47:32.265] [Server thread/INFO] [net.minecraft.server.MinecraftServer/]: Saving chunks for level 'ServerLevel[New World]'/minecraft:overworld
[06Nov2025 23:47:32.295] [Server thread/INFO] [net.minecraft.server.MinecraftServer/]: Saving chunks for level 'ServerLevel[New World]'/minecraft:the_end
[06Nov2025 23:47:32.298] [Server thread/INFO] [net.minecraft.server.MinecraftServer/]: Saving chunks for level 'ServerLevel[New World]'/cum:dimensione_sulla_sicurezza
[06Nov2025 23:47:32.300] [Server thread/INFO] [net.minecraft.server.MinecraftServer/]: Saving chunks for level 'ServerLevel[New World]'/minecraft:the_nether
[06Nov2025 23:47:32.302] [Server thread/INFO] [net.minecraft.server.MinecraftServer/]: Saving chunks for level 'ServerLevel[New World]'/cum:dimensione_pericolante_negativa
[06Nov2025 23:47:32.304] [Server thread/INFO] [net.minecraft.server.MinecraftServer/]: Saving chunks for level 'ServerLevel[New World]'/cum:dimensione_balatrante
[06Nov2025 23:47:32.306] [Server thread/INFO] [net.minecraft.server.MinecraftServer/]: Saving chunks for level 'ServerLevel[New World]'/cum:dimensione_pericolante
[06Nov2025 23:47:32.307] [Server thread/INFO] [net.minecraft.server.MinecraftServer/]: Saving chunks for level 'ServerLevel[New World]'/cum:dimensione_primitiva
[06Nov2025 23:47:32.308] [Server thread/INFO] [net.minecraft.server.MinecraftServer/]: Saving chunks for level 'ServerLevel[New World]'/cum:dimensione_derivata
[06Nov2025 23:47:32.399] [Server thread/DEBUG] [net.minecraftforge.common.ForgeHooks/WP]: Gathering id map for writing to world save New World
[06Nov2025 23:47:32.423] [Server thread/DEBUG] [net.minecraftforge.common.ForgeHooks/WP]: ID Map collection complete New World
[06Nov2025 23:47:35.048] [Server thread/INFO] [net.minecraft.client.server.IntegratedServer/]: Saving and pausing game...
[06Nov2025 23:47:35.062] [Server thread/INFO] [net.minecraft.server.MinecraftServer/]: Saving chunks for level 'ServerLevel[New World]'/minecraft:overworld
[06Nov2025 23:47:35.078] [Server thread/INFO] [net.minecraft.server.MinecraftServer/]: Saving chunks for level 'ServerLevel[New World]'/minecraft:the_end
[06Nov2025 23:47:35.079] [Server thread/INFO] [net.minecraft.server.MinecraftServer/]: Saving chunks for level 'ServerLevel[New World]'/cum:dimensione_sulla_sicurezza
[06Nov2025 23:47:35.080] [Server thread/INFO] [net.minecraft.server.MinecraftServer/]: Saving chunks for level 'ServerLevel[New World]'/minecraft:the_nether
[06Nov2025 23:47:35.081] [Server thread/INFO] [net.minecraft.server.MinecraftServer/]: Saving chunks for level 'ServerLevel[New World]'/cum:dimensione_pericolante_negativa
[06Nov2025 23:47:35.082] [Server thread/INFO] [net.minecraft.server.MinecraftServer/]: Saving chunks for level 'ServerLevel[New World]'/cum:dimensione_balatrante
[06Nov2025 23:47:35.083] [Server thread/INFO] [net.minecraft.server.MinecraftServer/]: Saving chunks for level 'ServerLevel[New World]'/cum:dimensione_pericolante
[06Nov2025 23:47:35.084] [Server thread/INFO] [net.minecraft.server.MinecraftServer/]: Saving chunks for level 'ServerLevel[New World]'/cum:dimensione_primitiva
[06Nov2025 23:47:35.086] [Server thread/INFO] [net.minecraft.server.MinecraftServer/]: Saving chunks for level 'ServerLevel[New World]'/cum:dimensione_derivata
[06Nov2025 23:47:35.148] [Server thread/DEBUG] [net.minecraftforge.common.ForgeHooks/WP]: Gathering id map for writing to world save New World
[06Nov2025 23:47:35.156] [Server thread/DEBUG] [net.minecraftforge.common.ForgeHooks/WP]: ID Map collection complete New World
[06Nov2025 23:47:35.711] [Server thread/INFO] [net.minecraft.server.network.ServerGamePacketListenerImpl/]: Dev lost connection: Disconnected
[06Nov2025 23:47:35.711] [Server thread/INFO] [net.minecraft.server.MinecraftServer/]: Dev left the game
[06Nov2025 23:47:35.726] [Server thread/INFO] [net.minecraft.server.network.ServerGamePacketListenerImpl/]: Stopping singleplayer server as player logged out
[06Nov2025 23:47:35.748] [Server thread/INFO] [net.minecraft.server.MinecraftServer/]: Stopping server
[06Nov2025 23:47:35.749] [Server thread/INFO] [net.minecraft.server.MinecraftServer/]: Saving players
[06Nov2025 23:47:35.749] [Server thread/INFO] [net.minecraft.server.MinecraftServer/]: Saving worlds
[06Nov2025 23:47:36.083] [Server thread/INFO] [net.minecraft.server.MinecraftServer/]: Saving chunks for level 'ServerLevel[New World]'/minecraft:overworld
[06Nov2025 23:47:36.575] [Server thread/INFO] [net.minecraft.server.MinecraftServer/]: Saving chunks for level 'ServerLevel[New World]'/minecraft:the_end
[06Nov2025 23:47:36.577] [Server thread/INFO] [net.minecraft.server.MinecraftServer/]: Saving chunks for level 'ServerLevel[New World]'/cum:dimensione_sulla_sicurezza
[06Nov2025 23:47:36.579] [Server thread/INFO] [net.minecraft.server.MinecraftServer/]: Saving chunks for level 'ServerLevel[New World]'/minecraft:the_nether
[06Nov2025 23:47:36.581] [Server thread/INFO] [net.minecraft.server.MinecraftServer/]: Saving chunks for level 'ServerLevel[New World]'/cum:dimensione_pericolante_negativa
[06Nov2025 23:47:36.582] [Server thread/INFO] [net.minecraft.server.MinecraftServer/]: Saving chunks for level 'ServerLevel[New World]'/cum:dimensione_balatrante
[06Nov2025 23:47:36.583] [Server thread/INFO] [net.minecraft.server.MinecraftServer/]: Saving chunks for level 'ServerLevel[New World]'/cum:dimensione_pericolante
[06Nov2025 23:47:36.585] [Server thread/INFO] [net.minecraft.server.MinecraftServer/]: Saving chunks for level 'ServerLevel[New World]'/cum:dimensione_primitiva
[06Nov2025 23:47:36.585] [Server thread/INFO] [net.minecraft.server.MinecraftServer/]: Saving chunks for level 'ServerLevel[New World]'/cum:dimensione_derivata
[06Nov2025 23:47:36.618] [Server thread/DEBUG] [net.minecraftforge.common.ForgeHooks/WP]: Gathering id map for writing to world save New World
[06Nov2025 23:47:36.625] [Server thread/DEBUG] [net.minecraftforge.common.ForgeHooks/WP]: ID Map collection complete New World
[06Nov2025 23:47:36.694] [Server thread/INFO] [net.minecraft.server.MinecraftServer/]: ThreadedAnvilChunkStorage (New World): All chunks are saved
[06Nov2025 23:47:36.695] [Server thread/INFO] [net.minecraft.server.MinecraftServer/]: ThreadedAnvilChunkStorage (DIM1): All chunks are saved
[06Nov2025 23:47:36.695] [Server thread/INFO] [net.minecraft.server.MinecraftServer/]: ThreadedAnvilChunkStorage (dimensione_sulla_sicurezza): All chunks are saved
[06Nov2025 23:47:36.695] [Server thread/INFO] [net.minecraft.server.MinecraftServer/]: ThreadedAnvilChunkStorage (DIM-1): All chunks are saved
[06Nov2025 23:47:36.695] [Server thread/INFO] [net.minecraft.server.MinecraftServer/]: ThreadedAnvilChunkStorage (dimensione_pericolante_negativa): All chunks are saved
[06Nov2025 23:47:36.695] [Server thread/INFO] [net.minecraft.server.MinecraftServer/]: ThreadedAnvilChunkStorage (dimensione_balatrante): All chunks are saved
[06Nov2025 23:47:36.695] [Server thread/INFO] [net.minecraft.server.MinecraftServer/]: ThreadedAnvilChunkStorage (dimensione_pericolante): All chunks are saved
[06Nov2025 23:47:36.695] [Server thread/INFO] [net.minecraft.server.MinecraftServer/]: ThreadedAnvilChunkStorage (dimensione_primitiva): All chunks are saved
[06Nov2025 23:47:36.695] [Server thread/INFO] [net.minecraft.server.MinecraftServer/]: ThreadedAnvilChunkStorage (dimensione_derivata): All chunks are saved
[06Nov2025 23:47:36.695] [Server thread/INFO] [net.minecraft.server.MinecraftServer/]: ThreadedAnvilChunkStorage: All dimensions are saved
[06Nov2025 23:47:36.728] [Server thread/DEBUG] [net.minecraftforge.registries.GameData/REGISTRIES]: Reverting to FROZEN data state.
[06Nov2025 23:47:36.728] [Server thread/DEBUG] [net.minecraftforge.registries.ForgeRegistry/REGISTRIES]: Registry minecraft:block Sync: ACTIVE -> FROZEN
[06Nov2025 23:47:36.736] [Server thread/DEBUG] [net.minecraftforge.registries.ForgeRegistry/REGISTRIES]: Registry minecraft:fluid Sync: ACTIVE -> FROZEN
[06Nov2025 23:47:36.736] [Server thread/DEBUG] [net.minecraftforge.registries.ForgeRegistry/REGISTRIES]: Registry minecraft:item Sync: ACTIVE -> FROZEN
[06Nov2025 23:47:36.746] [Server thread/DEBUG] [net.minecraftforge.registries.ForgeRegistry/REGISTRIES]: Registry minecraft:mob_effect Sync: ACTIVE -> FROZEN
[06Nov2025 23:47:36.746] [Server thread/DEBUG] [net.minecraftforge.registries.ForgeRegistry/REGISTRIES]: Registry minecraft:sound_event Sync: ACTIVE -> FROZEN
[06Nov2025 23:47:36.755] [Server thread/DEBUG] [net.minecraftforge.registries.ForgeRegistry/REGISTRIES]: Registry minecraft:potion Sync: ACTIVE -> FROZEN
[06Nov2025 23:47:36.756] [Server thread/DEBUG] [net.minecraftforge.registries.ForgeRegistry/REGISTRIES]: Registry minecraft:enchantment Sync: ACTIVE -> FROZEN
[06Nov2025 23:47:36.757] [Server thread/DEBUG] [net.minecraftforge.registries.ForgeRegistry/REGISTRIES]: Registry minecraft:entity_type Sync: ACTIVE -> FROZEN
[06Nov2025 23:47:36.759] [Server thread/DEBUG] [net.minecraftforge.registries.ForgeRegistry/REGISTRIES]: Registry minecraft:block_entity_type Sync: ACTIVE -> FROZEN
[06Nov2025 23:47:36.759] [Server thread/DEBUG] [net.minecraftforge.registries.ForgeRegistry/REGISTRIES]: Registry minecraft:particle_type Sync: ACTIVE -> FROZEN
[06Nov2025 23:47:36.759] [Server thread/DEBUG] [net.minecraftforge.registries.ForgeRegistry/REGISTRIES]: Registry minecraft:menu Sync: ACTIVE -> FROZEN
[06Nov2025 23:47:36.760] [Server thread/DEBUG] [net.minecraftforge.registries.ForgeRegistry/REGISTRIES]: Registry minecraft:painting_variant Sync: ACTIVE -> FROZEN
[06Nov2025 23:47:36.760] [Server thread/DEBUG] [net.minecraftforge.registries.ForgeRegistry/REGISTRIES]: Registry minecraft:recipe_type Sync: ACTIVE -> FROZEN
[06Nov2025 23:47:36.760] [Server thread/DEBUG] [net.minecraftforge.registries.ForgeRegistry/REGISTRIES]: Registry minecraft:recipe_serializer Sync: ACTIVE -> FROZEN
[06Nov2025 23:47:36.760] [Server thread/DEBUG] [net.minecraftforge.registries.ForgeRegistry/REGISTRIES]: Registry minecraft:attribute Sync: ACTIVE -> FROZEN
[06Nov2025 23:47:36.760] [Server thread/DEBUG] [net.minecraftforge.registries.ForgeRegistry/REGISTRIES]: Registry minecraft:stat_type Sync: ACTIVE -> FROZEN
[06Nov2025 23:47:36.760] [Server thread/DEBUG] [net.minecraftforge.registries.ForgeRegistry/REGISTRIES]: Registry minecraft:command_argument_type Sync: ACTIVE -> FROZEN
[06Nov2025 23:47:36.760] [Server thread/DEBUG] [net.minecraftforge.registries.ForgeRegistry/REGISTRIES]: Registry minecraft:villager_profession Sync: ACTIVE -> FROZEN
[06Nov2025 23:47:36.760] [Server thread/DEBUG] [net.minecraftforge.registries.ForgeRegistry/REGISTRIES]: Registry minecraft:point_of_interest_type Sync: ACTIVE -> FROZEN
[06Nov2025 23:47:36.763] [Server thread/DEBUG] [net.minecraftforge.registries.ForgeRegistry/REGISTRIES]: Registry minecraft:memory_module_type Sync: ACTIVE -> FROZEN
[06Nov2025 23:47:36.765] [Server thread/DEBUG] [net.minecraftforge.registries.ForgeRegistry/REGISTRIES]: Registry minecraft:sensor_type Sync: ACTIVE -> FROZEN
[06Nov2025 23:47:36.766] [Server thread/DEBUG] [net.minecraftforge.registries.ForgeRegistry/REGISTRIES]: Registry minecraft:schedule Sync: ACTIVE -> FROZEN
[06Nov2025 23:47:36.766] [Server thread/DEBUG] [net.minecraftforge.registries.ForgeRegistry/REGISTRIES]: Registry minecraft:activity Sync: ACTIVE -> FROZEN
[06Nov2025 23:47:36.766] [Server thread/DEBUG] [net.minecraftforge.registries.ForgeRegistry/REGISTRIES]: Registry minecraft:worldgen/carver Sync: ACTIVE -> FROZEN
[06Nov2025 23:47:36.766] [Server thread/DEBUG] [net.minecraftforge.registries.ForgeRegistry/REGISTRIES]: Registry minecraft:worldgen/feature Sync: ACTIVE -> FROZEN
[06Nov2025 23:47:36.766] [Server thread/DEBUG] [net.minecraftforge.registries.ForgeRegistry/REGISTRIES]: Registry minecraft:chunk_status Sync: ACTIVE -> FROZEN
[06Nov2025 23:47:36.766] [Server thread/DEBUG] [net.minecraftforge.registries.ForgeRegistry/REGISTRIES]: Registry minecraft:worldgen/block_state_provider_type Sync: ACTIVE -> FROZEN
[06Nov2025 23:47:36.766] [Server thread/DEBUG] [net.minecraftforge.registries.ForgeRegistry/REGISTRIES]: Registry minecraft:worldgen/foliage_placer_type Sync: ACTIVE -> FROZEN
[06Nov2025 23:47:36.766] [Server thread/DEBUG] [net.minecraftforge.registries.ForgeRegistry/REGISTRIES]: Registry minecraft:worldgen/tree_decorator_type Sync: ACTIVE -> FROZEN
[06Nov2025 23:47:36.767] [Server thread/DEBUG] [net.minecraftforge.registries.ForgeRegistry/REGISTRIES]: Registry minecraft:worldgen/biome Sync: ACTIVE -> FROZEN
[06Nov2025 23:47:36.767] [Server thread/DEBUG] [net.minecraftforge.registries.ForgeRegistry/REGISTRIES]: Registry forge:entity_data_serializers Sync: ACTIVE -> FROZEN
[06Nov2025 23:47:36.767] [Server thread/DEBUG] [net.minecraftforge.registries.ForgeRegistry/REGISTRIES]: Registry forge:global_loot_modifier_serializers Sync: ACTIVE -> FROZEN
[06Nov2025 23:47:36.767] [Server thread/DEBUG] [net.minecraftforge.registries.ForgeRegistry/REGISTRIES]: Registry forge:biome_modifier_serializers Sync: ACTIVE -> FROZEN
[06Nov2025 23:47:36.767] [Server thread/DEBUG] [net.minecraftforge.registries.ForgeRegistry/REGISTRIES]: Registry forge:fluid_type Sync: ACTIVE -> FROZEN
[06Nov2025 23:47:36.767] [Server thread/DEBUG] [net.minecraftforge.registries.ForgeRegistry/REGISTRIES]: Registry forge:structure_modifier_serializers Sync: ACTIVE -> FROZEN
[06Nov2025 23:47:36.767] [Server thread/DEBUG] [net.minecraftforge.registries.ForgeRegistry/REGISTRIES]: Registry forge:holder_set_type Sync: ACTIVE -> FROZEN
[06Nov2025 23:47:36.767] [Server thread/DEBUG] [net.minecraftforge.registries.ForgeRegistry/REGISTRIES]: Registry forge:display_contexts Sync: ACTIVE -> FROZEN
[06Nov2025 23:47:37.123] [Server thread/DEBUG] [net.minecraftforge.registries.ObjectHolderRegistry/REGISTRIES]: Applying holder lookups
[06Nov2025 23:47:37.128] [Server thread/DEBUG] [net.minecraftforge.registries.ObjectHolderRegistry/REGISTRIES]: Holder lookups applied
[06Nov2025 23:47:37.128] [Server thread/DEBUG] [net.minecraftforge.registries.GameData/REGISTRIES]: FROZEN state restored.
[06Nov2025 23:47:37.129] [Server thread/DEBUG] [net.minecraftforge.fml.config.ConfigTracker/CONFIG]: Unloading configs type SERVER
[06Nov2025 23:47:38.557] [Render thread/INFO] [net.minecraft.client.Minecraft/]: Stopping!
